,MEMORY_ID,HARD_DRIVE,SSD_CAPACITY
0,M0,512,1000
1,M1,500,500
2,M2,16,240
3,M3,256,256
4,M4,256,16
5,M5,16,16
6,M6,16,240
7,M7,512,500
8,M8,256,64
9,M9,256,128
10,M10,256,240
11,M11,256,32
12,M12,256,256
13,M13,512,512
14,M14,128,128
15,M15,256,512
16,M16,128,128
17,M17,16,16
18,M18,2000,240
19,M19,1000,1000
20,M20,256,512
21,M21,256,256
22,M22,256,240
23,M23,256,512
24,M24,128,128
25,M25,256,16
26,M26,2000,2000
27,M27,256,240
28,M28,512,512
29,M29,512,512
30,M30,2000,240
31,M31,256,128
32,M32,256,512
33,M33,256,256
34,M34,256,512
35,M35,256,256
36,M36,512,512
37,M37,256,256
38,M38,12,512
39,M39,256,256
40,M40,512,512
41,M41,8,240
42,M42,256,512
43,M43,16,16
44,M44,256,512
45,M45,256,256
46,M46,16,16
47,M47,256,256
48,M48,16,16
49,M49,16,16
50,M50,256,256
51,M51,256,240
52,M52,320,120
53,M53,512,240
54,M54,256,256
55,M55,256,512
56,M56,256,256
57,M57,16,16
58,M58,128,128
59,M59,1000,1000
60,M60,500,500
61,M61,500,500
62,M62,256,512
63,M63,256,256
64,M64,500,500
65,M65,256,240
66,M66,180,240
67,M67,256,256
68,M68,256,256
69,M69,256,32
70,M70,12,512
71,M71,256,512
72,M72,512,512
73,M73,512,512
74,M74,512,512
75,M75,256,240
76,M76,256,240
77,M77,256,128
78,M78,256,240
79,M79,256,256
80,M80,256,256
81,M81,256,256
82,M82,256,512
83,M83,256,256
84,M84,256,240
85,M85,32,32
86,M86,256,128
87,M87,256,256
88,M88,128,128
89,M89,256,240
90,M90,32,32
91,M91,256,240
92,M92,16,16
93,M93,500,500
94,M94,512,512
95,M95,256,240
96,M96,256,240
97,M97,256,240
98,M98,256,480
99,M99,256,240
100,M100,256,240
101,M101,256,256
102,M102,256,240
103,M103,256,256
104,M104,256,240
105,M105,256,256
106,M106,256,256
107,M107,256,240
108,M108,256,240
109,M109,256,240
110,M110,256,240
111,M111,256,480
112,M112,256,240
113,M113,256,240
114,M114,256,240
115,M115,128,128
116,M116,256,256
117,M117,256,240
118,M118,256,128
119,M119,256,256
120,M120,256,256
121,M121,256,240
122,M122,256,240
123,M123,256,240
124,M124,256,240
125,M125,256,240
126,M126,256,240
127,M127,160,240
128,M128,256,240
129,M129,256,240
130,M130,256,240
131,M131,256,256
132,M132,256,240
133,M133,256,240
134,M134,64,64
135,M135,256,256
136,M136,256,512
137,M137,256,240
138,M138,256,240
139,M139,256,240
140,M140,256,240
141,M141,500,120
142,M142,256,240
143,M143,256,240
144,M144,256,240
145,M145,256,240
146,M146,256,240
147,M147,256,240
148,M148,256,240
149,M149,256,240
150,M150,256,240
151,M151,256,240
152,M152,256,240
153,M153,256,240
154,M154,256,240
155,M155,256,240
156,M156,256,240
157,M157,256,240
158,M158,240,240
159,M159,256,240
160,M160,256,240
161,M161,256,240
162,M162,256,120
163,M163,256,240
164,M164,256,240
165,M165,256,240
166,M166,256,240
167,M167,256,240
168,M168,256,240
169,M169,256,240
170,M170,256,240
171,M171,256,240
172,M172,256,240
173,M173,256,240
174,M174,256,240
175,M175,256,240
176,M176,256,240
177,M177,256,240
178,M178,256,240
179,M179,256,240
180,M180,256,240
181,M181,256,240
182,M182,256,240
183,M183,256,240
184,M184,256,240
185,M185,256,240
186,M186,256,240
187,M187,256,240
188,M188,256,240
189,M189,256,240
190,M190,256,240
191,M191,200,240
192,M192,256,240
193,M193,256,120
194,M194,256,240
195,M195,256,240
196,M196,256,240
197,M197,256,240
198,M198,256,240
199,M199,256,480
200,M200,256,240
201,M201,256,256
202,M202,256,240
203,M203,256,240
204,M204,256,240
205,M205,256,240
206,M206,256,240
207,M207,256,240
208,M208,256,240
209,M209,256,240
210,M210,256,240
211,M211,256,240
212,M212,256,240
213,M213,256,240
214,M214,256,240
215,M215,256,240
216,M216,256,240
217,M217,256,240
218,M218,256,240
219,M219,256,240
220,M220,256,240
221,M221,256,240
222,M222,256,240
223,M223,256,960
224,M224,256,240
225,M225,256,240
226,M226,256,240
227,M227,256,240
228,M228,256,2000
229,M229,256,240
230,M230,256,240
231,M231,256,240
232,M232,256,240
233,M233,256,240
234,M234,256,240
235,M235,256,240
236,M236,256,240
237,M237,256,240
238,M238,256,240
239,M239,256,240
240,M240,256,240
241,M241,256,240
242,M242,256,240
243,M243,256,240
244,M244,256,240
245,M245,256,240
246,M246,256,240
247,M247,256,240
248,M248,256,2000
249,M249,256,240
250,M250,256,240
251,M251,256,960
252,M252,256,240
253,M253,256,240
254,M254,256,240
255,M255,256,240
256,M256,256,240
257,M257,256,480
258,M258,256,240
259,M259,256,240
260,M260,256,240
261,M261,256,240
262,M262,256,240
263,M263,256,240
264,M264,256,240
265,M265,256,480
266,M266,256,120
267,M267,256,960
268,M268,256,960
269,M269,256,240
270,M270,256,240
271,M271,256,240
272,M272,256,240
273,M273,256,240
274,M274,256,960
275,M275,256,240
276,M276,256,240
277,M277,256,240
278,M278,256,240
279,M279,256,240
280,M280,256,240
281,M281,256,240
282,M282,256,4000
283,M283,256,240
284,M284,256,480
285,M285,256,240
286,M286,256,240
287,M287,256,120
288,M288,256,240
289,M289,256,240
290,M290,2000,2000
291,M291,256,240
292,M292,256,240
293,M293,256,240
294,M294,256,240
295,M295,256,240
296,M296,256,240
297,M297,256,240
298,M298,256,120
299,M299,256,240
300,M300,256,240
301,M301,256,240
302,M302,256,240
303,M303,256,240
304,M304,256,240
305,M305,256,240
306,M306,256,240
307,M307,256,240
308,M308,256,240
309,M309,256,240
310,M310,256,240
311,M311,256,240
312,M312,256,240
313,M313,256,240
314,M314,256,240
315,M315,256,240
316,M316,256,240
317,M317,256,120
318,M318,256,240
319,M319,16,512
320,M320,256,240
321,M321,256,240
322,M322,256,240
323,M323,256,240
324,M324,256,240
325,M325,256,960
326,M326,256,240
327,M327,256,240
328,M328,256,240
329,M329,256,240
330,M330,256,240
331,M331,256,120
332,M332,256,240
333,M333,256,240
334,M334,256,240
335,M335,256,960
336,M336,256,240
337,M337,256,240
338,M338,256,960
339,M339,256,480
340,M340,256,240
341,M341,256,240
342,M342,256,256
343,M343,256,240
344,M344,256,240
345,M345,256,256
346,M346,256,240
347,M347,256,240
348,M348,256,240
349,M349,256,240
350,M350,256,240
351,M351,256,240
352,M352,256,240
353,M353,256,240
354,M354,256,240
355,M355,256,240
356,M356,256,240
357,M357,256,240
358,M358,256,240
359,M359,256,240
360,M360,256,240
361,M361,256,240
362,M362,256,240
363,M363,256,240
364,M364,256,240
365,M365,256,240
366,M366,256,240
367,M367,256,240
368,M368,256,480
369,M369,256,240
370,M370,256,480
371,M371,256,240
372,M372,256,240
373,M373,256,240
374,M374,256,240
375,M375,256,240
376,M376,256,240
377,M377,256,240
378,M378,256,240
379,M379,256,240
380,M380,256,240
381,M381,256,240
382,M382,256,120
383,M383,256,960
384,M384,256,240
385,M385,256,240
386,M386,256,240
387,M387,256,4000
388,M388,256,960
389,M389,256,240
390,M390,256,240
391,M391,256,240
392,M392,256,240
393,M393,256,240
394,M394,256,240
395,M395,256,240
396,M396,256,256
397,M397,256,480
398,M398,256,240
399,M399,256,240
400,M400,256,240
401,M401,256,240
402,M402,256,240
403,M403,256,2000
404,M404,256,480
405,M405,256,120
406,M406,256,240
407,M407,256,240
408,M408,256,240
409,M409,256,240
410,M410,256,240
411,M411,256,240
412,M412,256,240
413,M413,256,240
414,M414,256,240
415,M415,256,240
416,M416,256,240
417,M417,256,240
418,M418,256,240
419,M419,256,240
420,M420,256,240
421,M421,256,240
422,M422,256,240
423,M423,256,240
424,M424,256,120
425,M425,256,240
426,M426,256,960
427,M427,256,240
428,M428,256,240
429,M429,256,240
430,M430,256,240
431,M431,256,256
432,M432,256,240
433,M433,256,240
434,M434,256,240
435,M435,256,240
436,M436,256,240
437,M437,256,256
438,M438,256,240
439,M439,256,240
440,M440,256,240
441,M441,256,240
442,M442,256,240
443,M443,256,240
444,M444,256,240
445,M445,256,240
446,M446,256,240
447,M447,256,120
448,M448,256,120
449,M449,256,240
450,M450,256,240
451,M451,256,240
452,M452,256,240
453,M453,256,240
454,M454,256,240
455,M455,256,240
456,M456,256,240
457,M457,256,240
458,M458,256,480
459,M459,256,240
460,M460,256,240
461,M461,256,240
462,M462,256,240
463,M463,256,240
464,M464,256,240
465,M465,256,240
466,M466,256,240
467,M467,256,240
468,M468,256,256
469,M469,256,240
470,M470,256,240
471,M471,256,240
472,M472,256,240
473,M473,256,240
474,M474,256,240
475,M475,256,240
476,M476,256,240
477,M477,256,240
478,M478,256,240
479,M479,256,240
480,M480,256,240
481,M481,256,240
482,M482,256,240
483,M483,256,240
484,M484,8,256
485,M485,256,512
486,M486,16,16
487,M487,1000,1000
488,M488,256,256
489,M489,512,512
490,M490,256,256
491,M491,128,128
492,M492,256,128
493,M493,80,240
494,M494,256,240
495,M495,256,256
496,M496,512,512
497,M497,256,256
498,M498,128,128
499,M499,256,256
500,M500,256,240
501,M501,256,240
502,M502,256,256
503,M503,256,256
504,M504,256,512
505,M505,300,240
506,M506,256,1000
507,M507,256,240
508,M508,128,128
509,M509,256,512
510,M510,256,256
511,M511,256,256
512,M512,256,256
513,M513,256,128
514,M514,256,512
515,M515,1000,1000
516,M516,256,128
517,M517,256,256
518,M518,256,240
519,M519,256,256
520,M520,8,256
521,M521,256,16
522,M522,256,256
523,M523,512,512
524,M524,256,240
525,M525,256,256
526,M526,1000,1000
527,M527,256,256
528,M528,256,256
529,M529,256,256
530,M530,256,240
531,M531,256,240
532,M532,256,240
533,M533,256,240
534,M534,256,240
535,M535,256,480
536,M536,256,240
537,M537,256,960
538,M538,256,240
539,M539,256,240
540,M540,256,240
541,M541,256,240
542,M542,256,240
543,M543,256,240
544,M544,256,240
545,M545,256,240
546,M546,256,240
547,M547,256,240
548,M548,256,240
549,M549,256,960
550,M550,256,240
551,M551,256,120
552,M552,256,240
553,M553,256,480
554,M554,256,4000
555,M555,256,240
556,M556,256,120
557,M557,256,240
558,M558,256,240
559,M559,256,240
560,M560,256,240
561,M561,256,240
562,M562,256,240
563,M563,256,240
564,M564,256,240
565,M565,256,240
566,M566,256,240
567,M567,256,240
568,M568,256,240
569,M569,1000,1000
570,M570,256,240
571,M571,256,240
572,M572,256,240
573,M573,256,240
574,M574,256,240
575,M575,256,240
576,M576,256,240
577,M577,256,240
578,M578,256,240
579,M579,256,480
580,M580,256,240
581,M581,256,240
582,M582,256,240
583,M583,256,240
584,M584,256,240
585,M585,256,240
586,M586,256,240
587,M587,256,240
588,M588,256,240
589,M589,256,120
590,M590,256,480
591,M591,256,240
592,M592,256,960
593,M593,256,240
594,M594,256,240
595,M595,256,240
596,M596,256,240
597,M597,256,240
598,M598,256,240
599,M599,256,240
600,M600,256,240
601,M601,256,240
602,M602,256,480
603,M603,256,240
604,M604,256,240
605,M605,256,240
606,M606,256,240
607,M607,256,240
608,M608,256,240
609,M609,256,240
610,M610,256,960
611,M611,256,240
612,M612,256,240
613,M613,256,240
614,M614,256,240
615,M615,256,4000
616,M616,256,240
617,M617,256,240
618,M618,256,240
619,M619,256,120
620,M620,256,240
621,M621,1000,1000
622,M622,256,360
623,M623,256,240
624,M624,256,240
625,M625,256,240
626,M626,256,120
627,M627,256,240
628,M628,256,240
629,M629,256,240
630,M630,256,240
631,M631,256,240
632,M632,256,960
633,M633,256,240
634,M634,256,240
635,M635,256,240
636,M636,256,240
637,M637,256,240
638,M638,256,240
639,M639,256,240
640,M640,256,240
641,M641,256,16
642,M642,256,240
643,M643,256,240
644,M644,256,240
645,M645,256,240
646,M646,256,240
647,M647,256,240
648,M648,256,240
649,M649,256,240
650,M650,256,240
651,M651,256,240
652,M652,256,240
653,M653,256,240
654,M654,256,240
655,M655,256,960
656,M656,256,240
657,M657,256,240
658,M658,256,240
659,M659,256,240
660,M660,256,240
661,M661,256,240
662,M662,256,240
663,M663,256,240
664,M664,256,240
665,M665,256,960
666,M666,256,240
667,M667,256,240
668,M668,256,240
669,M669,256,240
670,M670,256,240
671,M671,256,240
672,M672,256,2000
673,M673,256,240
674,M674,256,240
675,M675,256,120
676,M676,256,240
677,M677,256,120
678,M678,256,240
679,M679,256,240
680,M680,256,240
681,M681,256,240
682,M682,256,240
683,M683,256,240
684,M684,256,240
685,M685,256,240
686,M686,256,240
687,M687,256,240
688,M688,256,240
689,M689,256,240
690,M690,256,240
691,M691,256,256
692,M692,256,256
693,M693,256,240
694,M694,256,240
695,M695,256,240
696,M696,256,240
697,M697,256,240
698,M698,256,240
699,M699,256,240
700,M700,256,240
701,M701,256,2000
702,M702,256,240
703,M703,256,128
704,M704,256,240
705,M705,256,480
706,M706,256,2000
707,M707,256,240
708,M708,256,240
709,M709,256,240
710,M710,256,2000
711,M711,256,120
712,M712,256,960
713,M713,256,240
714,M714,256,240
715,M715,256,240
716,M716,256,240
717,M717,160,240
718,M718,256,960
719,M719,256,240
720,M720,256,240
721,M721,256,240
722,M722,256,120
723,M723,256,240
724,M724,256,240
725,M725,256,120
726,M726,256,240
727,M727,256,240
728,M728,256,240
729,M729,256,240
730,M730,256,240
731,M731,256,240
732,M732,256,120
733,M733,256,240
734,M734,256,240
735,M735,256,240
736,M736,256,240
737,M737,256,240
738,M738,256,240
739,M739,256,240
740,M740,256,240
741,M741,256,240
742,M742,256,240
743,M743,256,960
744,M744,256,240
745,M745,256,240
746,M746,256,240
747,M747,256,240
748,M748,256,480
749,M749,256,240
750,M750,256,240
751,M751,256,240
752,M752,256,960
753,M753,256,240
754,M754,256,240
755,M755,256,960
756,M756,256,240
757,M757,256,240
758,M758,256,240
759,M759,256,240
760,M760,256,240
761,M761,256,240
762,M762,256,240
763,M763,256,240
764,M764,256,240
765,M765,256,240
766,M766,256,120
767,M767,256,240
768,M768,256,240
769,M769,256,256
770,M770,256,240
771,M771,256,480
772,M772,256,240
773,M773,256,240
774,M774,256,240
775,M775,256,240
776,M776,256,240
777,M777,256,240
778,M778,256,240
779,M779,256,240
780,M780,256,240
781,M781,256,240
782,M782,256,240
783,M783,256,240
784,M784,256,256
785,M785,16,16
786,M786,256,128
787,M787,1000,1000
788,M788,128,128
789,M789,1000,1000
790,M790,256,256
791,M791,256,512
792,M792,500,240
793,M793,512,512
794,M794,512,512
795,M795,256,240
796,M796,1000,240
797,M797,16,16
798,M798,160,240
799,M799,256,64
800,M800,1000,1000
801,M801,256,240
802,M802,512,512
803,M803,4,64
804,M804,750,240
805,M805,16,240
806,M806,512,512
807,M807,32,32
808,M808,256,512
809,M809,256,512
810,M810,512,512
811,M811,256,240
812,M812,256,0
813,M813,256,240
814,M814,256,256
815,M815,16,16
816,M816,256,240
817,M817,1000,1000
818,M818,256,240
819,M819,256,256
820,M820,16,16
821,M821,256,240
822,M822,256,240
823,M823,256,240
824,M824,256,240
825,M825,256,480
826,M826,256,240
827,M827,256,480
828,M828,256,240
829,M829,256,2000
830,M830,256,240
831,M831,256,240
832,M832,256,960
833,M833,256,240
834,M834,256,240
835,M835,256,240
836,M836,256,240
837,M837,256,240
838,M838,256,240
839,M839,256,240
840,M840,256,240
841,M841,256,240
842,M842,256,240
843,M843,256,240
844,M844,160,240
845,M845,256,120
846,M846,256,240
847,M847,256,120
848,M848,256,128
849,M849,256,240
850,M850,256,240
851,M851,256,240
852,M852,256,960
853,M853,256,240
854,M854,256,240
855,M855,256,240
856,M856,256,480
857,M857,256,240
858,M858,256,240
859,M859,256,240
860,M860,500,240
861,M861,256,240
862,M862,256,120
863,M863,256,256
864,M864,256,240
865,M865,256,240
866,M866,256,240
867,M867,256,240
868,M868,256,240
869,M869,256,240
870,M870,256,240
871,M871,256,240
872,M872,256,240
873,M873,256,240
874,M874,256,240
875,M875,256,240
876,M876,256,240
877,M877,256,240
878,M878,256,240
879,M879,256,240
880,M880,256,240
881,M881,256,480
882,M882,256,2000
883,M883,256,480
884,M884,256,240
885,M885,256,240
886,M886,256,120
887,M887,256,240
888,M888,256,480
889,M889,256,960
890,M890,256,240
891,M891,256,240
892,M892,256,240
893,M893,256,480
894,M894,256,240
895,M895,256,240
896,M896,256,960
897,M897,256,240
898,M898,256,240
899,M899,256,960
900,M900,256,240
901,M901,256,240
902,M902,256,240
903,M903,256,240
904,M904,256,240
905,M905,256,240
906,M906,256,240
907,M907,256,240
908,M908,256,240
909,M909,256,240
910,M910,256,240
911,M911,256,240
912,M912,256,240
913,M913,256,240
914,M914,256,240
915,M915,256,240
916,M916,256,240
917,M917,256,240
918,M918,256,240
919,M919,256,240
920,M920,256,240
921,M921,256,240
922,M922,256,240
923,M923,256,240
924,M924,256,240
925,M925,256,240
926,M926,256,120
927,M927,256,240
928,M928,256,480
929,M929,256,240
930,M930,256,240
931,M931,256,240
932,M932,256,120
933,M933,256,240
934,M934,256,240
935,M935,256,240
936,M936,256,240
937,M937,256,120
938,M938,256,960
939,M939,256,240
940,M940,256,240
941,M941,256,256
942,M942,400,128
943,M943,256,240
944,M944,256,240
945,M945,256,240
946,M946,256,960
947,M947,256,240
948,M948,256,960
949,M949,256,240
950,M950,256,2000
951,M951,256,240
952,M952,256,240
953,M953,256,240
954,M954,256,240
955,M955,256,240
956,M956,256,240
957,M957,256,240
958,M958,256,240
959,M959,256,256
960,M960,256,240
961,M961,256,960
962,M962,256,240
963,M963,256,240
964,M964,256,240
965,M965,256,240
966,M966,256,240
967,M967,256,240
968,M968,256,240
969,M969,256,240
970,M970,256,240
971,M971,256,240
972,M972,256,2000
973,M973,256,240
974,M974,256,240
975,M975,256,240
976,M976,256,240
977,M977,256,480
978,M978,256,240
979,M979,256,240
980,M980,256,240
981,M981,256,240
982,M982,256,240
983,M983,256,240
984,M984,256,120
985,M985,256,240
986,M986,256,240
987,M987,256,240
988,M988,256,240
989,M989,256,240
990,M990,256,256
991,M991,256,240
992,M992,256,120
993,M993,256,240
994,M994,256,240
995,M995,256,240
996,M996,256,240
997,M997,256,240
998,M998,256,240
999,M999,256,240
1000,M1000,256,240
1001,M1001,256,480
1002,M1002,256,240
1003,M1003,256,240
1004,M1004,256,240
1005,M1005,256,240
1006,M1006,256,240
1007,M1007,256,240
1008,M1008,256,240
1009,M1009,256,240
1010,M1010,256,240
1011,M1011,256,240
1012,M1012,256,240
1013,M1013,256,240
1014,M1014,256,240
1015,M1015,256,240
1016,M1016,256,240
1017,M1017,256,240
1018,M1018,256,240
1019,M1019,256,240
1020,M1020,256,240
1021,M1021,256,240
1022,M1022,256,240
1023,M1023,256,240
1024,M1024,256,4000
1025,M1025,256,960
1026,M1026,500,240
1027,M1027,256,240
1028,M1028,256,240
1029,M1029,500,240
1030,M1030,256,240
1031,M1031,256,240
1032,M1032,256,240
1033,M1033,256,240
1034,M1034,256,240
1035,M1035,256,240
1036,M1036,256,240
1037,M1037,256,240
1038,M1038,256,240
1039,M1039,256,2000
1040,M1040,256,240
1041,M1041,256,240
1042,M1042,256,240
1043,M1043,256,240
1044,M1044,256,240
1045,M1045,256,240
1046,M1046,256,240
1047,M1047,256,240
1048,M1048,256,240
1049,M1049,256,240
1050,M1050,256,240
1051,M1051,256,240
1052,M1052,256,240
1053,M1053,256,240
1054,M1054,256,240
1055,M1055,256,240
1056,M1056,256,240
1057,M1057,256,960
1058,M1058,256,240
1059,M1059,256,240
1060,M1060,256,240
1061,M1061,256,240
1062,M1062,256,240
1063,M1063,256,240
1064,M1064,256,240
1065,M1065,256,240
1066,M1066,256,240
1067,M1067,256,240
1068,M1068,256,240
1069,M1069,256,240
1070,M1070,256,240
1071,M1071,256,240
1072,M1072,256,240
1073,M1073,256,240
1074,M1074,256,960
1075,M1075,256,240
1076,M1076,256,240
1077,M1077,256,240
1078,M1078,256,240
1079,M1079,256,240
1080,M1080,256,240
1081,M1081,256,240
1082,M1082,256,960
1083,M1083,256,240
1084,M1084,256,240
1085,M1085,256,240
1086,M1086,256,240
1087,M1087,256,240
1088,M1088,256,240
1089,M1089,256,240
1090,M1090,256,240
1091,M1091,256,960
1092,M1092,256,240
1093,M1093,256,120
1094,M1094,256,240
1095,M1095,256,240
1096,M1096,256,240
1097,M1097,256,240
1098,M1098,256,240
1099,M1099,256,240
1100,M1100,256,240
1101,M1101,256,240
1102,M1102,256,240
1103,M1103,256,240
1104,M1104,256,240
1105,M1105,256,480
1106,M1106,256,240
1107,M1107,256,960
1108,M1108,256,240
1109,M1109,256,240
1110,M1110,256,240
1111,M1111,256,240
1112,M1112,256,240
1113,M1113,256,240
1114,M1114,256,240
1115,M1115,256,240
1116,M1116,256,240
1117,M1117,256,240
1118,M1118,256,240
1119,M1119,256,240
1120,M1120,256,2000
1121,M1121,256,240
1122,M1122,256,240
1123,M1123,256,240
1124,M1124,256,2000
1125,M1125,256,240
1126,M1126,256,256
1127,M1127,256,240
1128,M1128,256,120
1129,M1129,256,240
1130,M1130,256,240
1131,M1131,256,240
1132,M1132,256,240
1133,M1133,256,240
1134,M1134,256,240
1135,M1135,256,2000
1136,M1136,256,240
1137,M1137,256,240
1138,M1138,256,240
1139,M1139,256,240
1140,M1140,256,480
1141,M1141,256,240
1142,M1142,256,120
1143,M1143,256,240
1144,M1144,256,240
1145,M1145,256,240
1146,M1146,256,240
1147,M1147,256,240
1148,M1148,256,240
1149,M1149,256,240
1150,M1150,256,240
1151,M1151,256,240
1152,M1152,256,960
1153,M1153,256,240
1154,M1154,256,240
1155,M1155,256,240
1156,M1156,256,240
1157,M1157,256,240
1158,M1158,256,240
1159,M1159,256,240
1160,M1160,256,240
1161,M1161,256,240
1162,M1162,256,240
1163,M1163,256,240
1164,M1164,256,240
1165,M1165,256,240
1166,M1166,256,120
1167,M1167,256,240
1168,M1168,256,240
1169,M1169,256,480
1170,M1170,256,240
1171,M1171,256,240
1172,M1172,256,240
1173,M1173,256,240
1174,M1174,256,240
1175,M1175,256,120
1176,M1176,256,960
1177,M1177,256,120
1178,M1178,256,240
1179,M1179,256,240
1180,M1180,256,240
1181,M1181,256,240
1182,M1182,256,240
1183,M1183,256,240
1184,M1184,256,120
1185,M1185,256,240
1186,M1186,256,240
1187,M1187,256,240
1188,M1188,256,240
1189,M1189,256,240
1190,M1190,256,960
1191,M1191,256,240
1192,M1192,256,240
1193,M1193,256,240
1194,M1194,256,240
1195,M1195,256,240
1196,M1196,256,240
1197,M1197,256,240
1198,M1198,256,240
1199,M1199,256,240
1200,M1200,256,240
1201,M1201,256,240
1202,M1202,256,240
1203,M1203,256,240
1204,M1204,256,240
1205,M1205,256,240
1206,M1206,256,240
1207,M1207,256,240
1208,M1208,256,240
1209,M1209,256,480
1210,M1210,256,240
1211,M1211,256,480
1212,M1212,256,120
1213,M1213,256,240
1214,M1214,256,240
1215,M1215,500,500
1216,M1216,256,256
1217,M1217,256,240
1218,M1218,256,240
1219,M1219,256,240
1220,M1220,256,240
1221,M1221,256,240
1222,M1222,256,120
1223,M1223,256,2000
1224,M1224,256,240
1225,M1225,256,240
1226,M1226,128,128
1227,M1227,256,240
1228,M1228,256,960
1229,M1229,256,128
1230,M1230,256,240
1231,M1231,256,256
1232,M1232,256,240
1233,M1233,256,240
1234,M1234,256,240
1235,M1235,256,120
1236,M1236,256,480
1237,M1237,256,240
1238,M1238,256,240
1239,M1239,256,240
1240,M1240,250,240
1241,M1241,256,240
1242,M1242,256,480
1243,M1243,256,480
1244,M1244,512,512
1245,M1245,256,2000
1246,M1246,256,240
1247,M1247,256,240
1248,M1248,256,240
1249,M1249,256,240
1250,M1250,256,120
1251,M1251,256,240
1252,M1252,256,240
1253,M1253,256,240
1254,M1254,256,240
1255,M1255,256,240
1256,M1256,256,960
1257,M1257,256,240
1258,M1258,256,240
1259,M1259,256,240
1260,M1260,256,240
1261,M1261,256,240
1262,M1262,256,240
1263,M1263,256,256
1264,M1264,256,240
1265,M1265,256,240
1266,M1266,256,240
1267,M1267,256,240
1268,M1268,256,240
1269,M1269,256,240
1270,M1270,256,240
1271,M1271,256,240
1272,M1272,256,240
1273,M1273,256,240
1274,M1274,256,240
1275,M1275,256,240
1276,M1276,256,120
1277,M1277,256,240
1278,M1278,256,256
1279,M1279,256,240
1280,M1280,256,240
1281,M1281,256,240
1282,M1282,256,240
1283,M1283,256,240
1284,M1284,256,240
1285,M1285,256,240
1286,M1286,256,240
1287,M1287,256,240
1288,M1288,500,500
1289,M1289,32,32
1290,M1290,16,16
1291,M1291,64,240
1292,M1292,500,240
1293,M1293,256,256
1294,M1294,32,32
1295,M1295,128,128
1296,M1296,256,512
1297,M1297,500,240
1298,M1298,256,256
1299,M1299,512,512
1300,M1300,250,250
1301,M1301,256,240
1302,M1302,1,16
1303,M1303,500,500
1304,M1304,256,128
1305,M1305,1000,1000
1306,M1306,256,240
1307,M1307,256,256
1308,M1308,750,240
1309,M1309,256,1000
1310,M1310,16,128
1311,M1311,256,128
1312,M1312,512,512
1313,M1313,500,500
1314,M1314,256,128
1315,M1315,320,240
1316,M1316,120,120
1317,M1317,256,512
1318,M1318,512,512
1319,M1319,500,500
1320,M1320,64,64
1321,M1321,256,256
1322,M1322,512,512
1323,M1323,128,128
1324,M1324,256,240
1325,M1325,256,256
1326,M1326,256,240
1327,M1327,256,256
1328,M1328,16,16
1329,M1329,16,240
1330,M1330,256,256
1331,M1331,500,500
1332,M1332,256,240
1333,M1333,256,240
1334,M1334,256,240
1335,M1335,256,240
1336,M1336,256,240
1337,M1337,256,240
1338,M1338,256,240
1339,M1339,256,240
1340,M1340,256,240
1341,M1341,256,240
1342,M1342,256,480
1343,M1343,256,240
1344,M1344,256,240
1345,M1345,256,960
1346,M1346,256,240
1347,M1347,256,240
1348,M1348,256,240
1349,M1349,256,256
1350,M1350,256,128
1351,M1351,256,240
1352,M1352,256,240
1353,M1353,256,240
1354,M1354,256,240
1355,M1355,256,240
1356,M1356,256,240
1357,M1357,256,240
1358,M1358,256,240
1359,M1359,256,240
1360,M1360,256,240
1361,M1361,256,960
1362,M1362,256,240
1363,M1363,256,120
1364,M1364,256,240
1365,M1365,256,240
1366,M1366,256,480
1367,M1367,256,120
1368,M1368,256,240
1369,M1369,256,240
1370,M1370,256,240
1371,M1371,256,240
1372,M1372,256,240
1373,M1373,256,240
1374,M1374,256,480
1375,M1375,256,240
1376,M1376,256,240
1377,M1377,256,120
1378,M1378,256,240
1379,M1379,256,240
1380,M1380,256,240
1381,M1381,256,240
1382,M1382,256,960
1383,M1383,256,240
1384,M1384,256,240
1385,M1385,256,120
1386,M1386,256,480
1387,M1387,256,240
1388,M1388,256,240
1389,M1389,256,240
1390,M1390,512,512
1391,M1391,256,240
1392,M1392,256,120
1393,M1393,256,240
1394,M1394,256,240
1395,M1395,256,240
1396,M1396,256,2000
1397,M1397,256,240
1398,M1398,256,240
1399,M1399,256,120
1400,M1400,256,240
1401,M1401,256,240
1402,M1402,256,240
1403,M1403,256,240
1404,M1404,256,240
1405,M1405,256,240
1406,M1406,256,2000
1407,M1407,256,240
1408,M1408,256,240
1409,M1409,256,240
1410,M1410,256,240
1411,M1411,256,240
1412,M1412,256,240
1413,M1413,256,120
1414,M1414,256,240
1415,M1415,256,240
1416,M1416,256,240
1417,M1417,256,240
1418,M1418,256,240
1419,M1419,256,240
1420,M1420,256,240
1421,M1421,256,960
1422,M1422,256,240
1423,M1423,256,240
1424,M1424,256,240
1425,M1425,256,480
1426,M1426,256,240
1427,M1427,256,240
1428,M1428,256,240
1429,M1429,256,240
1430,M1430,256,240
1431,M1431,256,120
1432,M1432,256,240
1433,M1433,256,240
1434,M1434,256,240
1435,M1435,256,240
1436,M1436,256,240
1437,M1437,256,960
1438,M1438,256,240
1439,M1439,512,512
1440,M1440,2,16
1441,M1441,256,256
1442,M1442,64,64
1443,M1443,256,256
1444,M1444,256,512
1445,M1445,256,2000
1446,M1446,16,16
1447,M1447,256,240
1448,M1448,64,64
1449,M1449,256,256
1450,M1450,16,16
1451,M1451,500,240
1452,M1452,32,32
1453,M1453,256,256
1454,M1454,256,512
1455,M1455,256,256
1456,M1456,256,1000
1457,M1457,512,512
1458,M1458,256,256
1459,M1459,256,32
1460,M1460,128,128
1461,M1461,256,240
1462,M1462,8,500
1463,M1463,500,240
1464,M1464,256,512
1465,M1465,256,128
1466,M1466,256,240
1467,M1467,500,500
1468,M1468,256,256
1469,M1469,500,500
1470,M1470,256,512
1471,M1471,720,240
1472,M1472,1000,1000
1473,M1473,512,512
1474,M1474,256,500
1475,M1475,256,240
1476,M1476,256,128
1477,M1477,8,240
1478,M1478,250,240
1479,M1479,256,256
1480,M1480,256,240
1481,M1481,256,256
1482,M1482,512,512
1483,M1483,256,512
1484,M1484,128,128
1485,M1485,32,32
1486,M1486,128,128
1487,M1487,128,128
1488,M1488,128,128
1489,M1489,256,32
1490,M1490,16,16
1491,M1491,8,128
1492,M1492,256,256
1493,M1493,256,256
1494,M1494,256,256
1495,M1495,128,128
1496,M1496,256,256
1497,M1497,256,256
1498,M1498,256,256
1499,M1499,256,120
1500,M1500,256,256
1501,M1501,2000,2000
1502,M1502,256,256
1503,M1503,256,256
1504,M1504,256,256
1505,M1505,500,240
1506,M1506,256,256
1507,M1507,256,256
1508,M1508,256,512
1509,M1509,512,512
1510,M1510,1000,1000
1511,M1511,256,16
1512,M1512,256,256
1513,M1513,256,256
1514,M1514,8,240
1515,M1515,256,16
1516,M1516,256,256
1517,M1517,256,16
1518,M1518,32,32
1519,M1519,256,256
1520,M1520,512,512
1521,M1521,256,256
1522,M1522,512,512
1523,M1523,12,256
1524,M1524,128,128
1525,M1525,256,256
1526,M1526,256,512
1527,M1527,16,16
1528,M1528,256,240
1529,M1529,4,240
1530,M1530,32,512
1531,M1531,256,256
1532,M1532,16,16
1533,M1533,500,500
1534,M1534,64,64
1535,M1535,128,128
1536,M1536,16,16
1537,M1537,500,240
1538,M1538,128,128
1539,M1539,512,512
1540,M1540,256,128
1541,M1541,500,500
1542,M1542,256,240
1543,M1543,64,64
1544,M1544,2000,2000
1545,M1545,16,16
1546,M1546,1000,4000
1547,M1547,512,512
1548,M1548,256,16
1549,M1549,320,240
1550,M1550,256,1000
1551,M1551,256,240
1552,M1552,256,256
1553,M1553,320,240
1554,M1554,16,16
1555,M1555,256,32
1556,M1556,256,240
1557,M1557,256,256
1558,M1558,64,240
1559,M1559,256,1000
1560,M1560,512,512
1561,M1561,512,256
1562,M1562,1000,1000
1563,M1563,256,256
1564,M1564,128,128
1565,M1565,2000,240
1566,M1566,256,1000
1567,M1567,512,512
1568,M1568,1000,1000
1569,M1569,250,240
1570,M1570,256,128
1571,M1571,256,240
1572,M1572,256,240
1573,M1573,16,512
1574,M1574,256,512
1575,M1575,256,240
1576,M1576,256,240
1577,M1577,512,512
1578,M1578,512,512
1579,M1579,256,512
1580,M1580,256,240
1581,M1581,1000,1000
1582,M1582,256,512
1583,M1583,256,240
1584,M1584,256,256
1585,M1585,256,240
1586,M1586,256,256
1587,M1587,512,512
1588,M1588,256,16
1589,M1589,128,128
1590,M1590,512,512
1591,M1591,256,240
1592,M1592,256,240
1593,M1593,512,1000
1594,M1594,16,16
1595,M1595,256,512
1596,M1596,64,64
1597,M1597,256,240
1598,M1598,256,256
1599,M1599,256,512
1600,M1600,256,240
1601,M1601,256,256
1602,M1602,256,256
1603,M1603,1000,1000
1604,M1604,32,32
1605,M1605,256,240
1606,M1606,1000,1000
1607,M1607,256,500
1608,M1608,16,240
1609,M1609,256,512
1610,M1610,512,512
1611,M1611,256,512
1612,M1612,512,512
1613,M1613,64,64
1614,M1614,256,240
1615,M1615,256,256
1616,M1616,256,240
1617,M1617,512,512
1618,M1618,256,256
1619,M1619,512,512
1620,M1620,512,512
1621,M1621,256,240
1622,M1622,512,512
1623,M1623,256,256
1624,M1624,256,240
1625,M1625,256,256
1626,M1626,512,512
1627,M1627,256,240
1628,M1628,16,16
1629,M1629,16,16
1630,M1630,256,1000
1631,M1631,1000,1000
1632,M1632,300,240
1633,M1633,256,1000
1634,M1634,128,128
1635,M1635,256,240
1636,M1636,256,256
1637,M1637,256,256
1638,M1638,256,256
1639,M1639,2000,240
1640,M1640,2000,240
1641,M1641,2000,240
1642,M1642,512,512
1643,M1643,1000,1000
1644,M1644,500,500
1645,M1645,256,120
1646,M1646,16,16
1647,M1647,2000,240
1648,M1648,256,512
1649,M1649,512,512
1650,M1650,2000,240
1651,M1651,256,256
1652,M1652,256,128
1653,M1653,512,512
1654,M1654,256,256
1655,M1655,256,1000
1656,M1656,256,256
1657,M1657,64,64
1658,M1658,256,240
1659,M1659,2000,240
1660,M1660,500,500
1661,M1661,256,512
1662,M1662,256,256
1663,M1663,256,240
1664,M1664,256,128
1665,M1665,128,128
1666,M1666,512,512
1667,M1667,256,1000
1668,M1668,500,240
1669,M1669,1000,1000
1670,M1670,256,256
1671,M1671,512,512
1672,M1672,32,32
1673,M1673,256,240
1674,M1674,256,240
1675,M1675,2000,240
1676,M1676,16,240
1677,M1677,256,128
1678,M1678,512,512
1679,M1679,256,512
1680,M1680,256,512
1681,M1681,128,128
1682,M1682,512,512
1683,M1683,256,1000
1684,M1684,1000,1000
1685,M1685,256,256
1686,M1686,128,128
1687,M1687,512,512
1688,M1688,256,240
1689,M1689,256,1000
1690,M1690,256,240
1691,M1691,256,240
1692,M1692,32,240
1693,M1693,256,240
1694,M1694,250,240
1695,M1695,256,240
1696,M1696,16,16
1697,M1697,120,120
1698,M1698,256,32
1699,M1699,256,256
1700,M1700,256,240
1701,M1701,512,512
1702,M1702,0,16
1703,M1703,2000,2000
1704,M1704,256,240
1705,M1705,256,128
1706,M1706,256,32
1707,M1707,512,512
1708,M1708,512,512
1709,M1709,120,120
1710,M1710,256,256
1711,M1711,256,32
1712,M1712,256,512
1713,M1713,256,240
1714,M1714,256,240
1715,M1715,256,500
1716,M1716,128,128
1717,M1717,256,240
1718,M1718,256,256
1719,M1719,256,256
1720,M1720,256,256
1721,M1721,16,16
1722,M1722,128,128
1723,M1723,256,256
1724,M1724,256,240
1725,M1725,64,1000
1726,M1726,500,500
1727,M1727,256,256
1728,M1728,128,128
1729,M1729,256,240
1730,M1730,128,128
1731,M1731,256,512
1732,M1732,256,256
1733,M1733,256,1000
1734,M1734,128,128
1735,M1735,2000,2000
1736,M1736,512,512
1737,M1737,256,512
1738,M1738,512,512
1739,M1739,256,256
1740,M1740,64,64
1741,M1741,128,128
1742,M1742,256,128
1743,M1743,256,512
1744,M1744,256,512
1745,M1745,256,256
1746,M1746,256,512
1747,M1747,80,240
1748,M1748,1000,1000
1749,M1749,256,240
1750,M1750,256,16
1751,M1751,256,512
1752,M1752,256,1000
1753,M1753,256,256
1754,M1754,64,64
1755,M1755,256,256
1756,M1756,256,128
1757,M1757,8,256
1758,M1758,256,512
1759,M1759,256,256
1760,M1760,256,256
1761,M1761,256,32
1762,M1762,256,240
1763,M1763,4000,4
1764,M1764,256,256
1765,M1765,256,128
1766,M1766,256,256
1767,M1767,1000,256
1768,M1768,256,120
1769,M1769,256,240
1770,M1770,256,240
1771,M1771,256,240
1772,M1772,256,240
1773,M1773,256,256
1774,M1774,256,240
1775,M1775,256,240
1776,M1776,256,128
1777,M1777,256,256
1778,M1778,128,128
1779,M1779,256,512
1780,M1780,500,500
1781,M1781,250,240
1782,M1782,16,256
1783,M1783,64,64
1784,M1784,4000,2000
1785,M1785,256,256
1786,M1786,512,512
1787,M1787,128,128
1788,M1788,256,1000
1789,M1789,256,512
1790,M1790,256,240
1791,M1791,500,240
1792,M1792,64,240
1793,M1793,256,1000
1794,M1794,256,512
1795,M1795,2000,2000
1796,M1796,256,256
1797,M1797,2,32
1798,M1798,256,128
1799,M1799,256,256
1800,M1800,512,512
1801,M1801,64,240
1802,M1802,256,256
1803,M1803,256,256
1804,M1804,720,240
1805,M1805,256,256
1806,M1806,512,512
1807,M1807,256,120
1808,M1808,128,128
1809,M1809,256,256
1810,M1810,256,256
1811,M1811,256,128
1812,M1812,256,500
1813,M1813,256,240
1814,M1814,1000,1000
1815,M1815,1000,240
1816,M1816,32,512
1817,M1817,256,120
1818,M1818,64,64
1819,M1819,256,240
1820,M1820,256,64
1821,M1821,256,240
1822,M1822,64,64
1823,M1823,256,256
1824,M1824,64,64
1825,M1825,256,240
1826,M1826,256,240
1827,M1827,256,512
1828,M1828,256,256
1829,M1829,500,240
1830,M1830,256,256
1831,M1831,256,240
1832,M1832,256,256
1833,M1833,256,256
1834,M1834,16,2000
1835,M1835,16,16
1836,M1836,256,512
1837,M1837,256,256
1838,M1838,512,512
1839,M1839,1000,1000
1840,M1840,256,128
1841,M1841,256,240
1842,M1842,256,1000
1843,M1843,16,512
1844,M1844,512,512
1845,M1845,256,512
1846,M1846,256,240
1847,M1847,256,512
1848,M1848,256,500
1849,M1849,256,2000
1850,M1850,256,256
1851,M1851,256,128
1852,M1852,16,64
1853,M1853,256,512
1854,M1854,256,240
1855,M1855,256,512
1856,M1856,256,240
1857,M1857,256,256
1858,M1858,256,128
1859,M1859,256,256
1860,M1860,256,512
1861,M1861,500,500
1862,M1862,16,16
1863,M1863,500,240
1864,M1864,256,256
1865,M1865,256,240
1866,M1866,64,64
1867,M1867,128,128
1868,M1868,16,16
1869,M1869,256,256
1870,M1870,2000,2000
1871,M1871,256,240
1872,M1872,80,240
1873,M1873,256,240
1874,M1874,256,240
1875,M1875,256,512
1876,M1876,32,32
1877,M1877,16,16
1878,M1878,512,512
1879,M1879,256,512
1880,M1880,500,500
1881,M1881,256,128
1882,M1882,256,240
1883,M1883,512,512
1884,M1884,256,256
1885,M1885,512,512
1886,M1886,256,32
1887,M1887,320,240
1888,M1888,256,256
1889,M1889,32,64
1890,M1890,256,512
1891,M1891,512,512
1892,M1892,256,512
1893,M1893,256,256
1894,M1894,256,256
1895,M1895,256,256
1896,M1896,8,256
1897,M1897,256,240
1898,M1898,256,240
1899,M1899,512,240
1900,M1900,256,240
1901,M1901,256,512
1902,M1902,256,256
1903,M1903,256,240
1904,M1904,256,240
1905,M1905,256,256
1906,M1906,256,512
1907,M1907,16,256
1908,M1908,128,128
1909,M1909,32,240
1910,M1910,256,256
1911,M1911,256,240
1912,M1912,32,32
1913,M1913,256,64
1914,M1914,256,512
1915,M1915,256,256
1916,M1916,32,32
1917,M1917,256,256
1918,M1918,256,240
1919,M1919,256,256
1920,M1920,512,512
1921,M1921,256,128
1922,M1922,16,16
1923,M1923,500,240
1924,M1924,256,240
1925,M1925,500,500
1926,M1926,256,16
1927,M1927,256,256
1928,M1928,1000,240
1929,M1929,8,512
1930,M1930,256,250
1931,M1931,12,240
1932,M1932,500,500
1933,M1933,64,240
1934,M1934,256,240
1935,M1935,240,240
1936,M1936,1000,128
1937,M1937,256,240
1938,M1938,256,512
1939,M1939,256,16
1940,M1940,256,256
1941,M1941,16,16
1942,M1942,128,128
1943,M1943,256,512
1944,M1944,256,512
1945,M1945,256,256
1946,M1946,256,256
1947,M1947,256,16
1948,M1948,512,500
1949,M1949,500,500
1950,M1950,256,256
1951,M1951,256,256
1952,M1952,256,256
1953,M1953,64,240
1954,M1954,32,32
1955,M1955,256,256
1956,M1956,256,500
1957,M1957,256,128
1958,M1958,256,256
1959,M1959,256,256
1960,M1960,512,512
1961,M1961,256,240
1962,M1962,256,256
1963,M1963,256,256
1964,M1964,256,16
1965,M1965,128,128
1966,M1966,512,512
1967,M1967,16,16
1968,M1968,256,256
1969,M1969,256,240
1970,M1970,500,240
1971,M1971,500,500
1972,M1972,1000,240
1973,M1973,256,256
1974,M1974,256,256
1975,M1975,256,240
1976,M1976,256,512
1977,M1977,512,512
1978,M1978,256,1000
1979,M1979,256,512
1980,M1980,256,256
1981,M1981,256,240
1982,M1982,256,240
1983,M1983,1000,240
1984,M1984,1000,1000
1985,M1985,256,1000
1986,M1986,256,240
1987,M1987,16,240
1988,M1988,256,512
1989,M1989,256,16
1990,M1990,256,256
1991,M1991,128,128
1992,M1992,256,256
1993,M1993,320,240
1994,M1994,256,128
1995,M1995,512,512
1996,M1996,256,240
1997,M1997,512,512
1998,M1998,256,240
1999,M1999,256,256
2000,M2000,256,256
2001,M2001,256,256
2002,M2002,256,256
2003,M2003,16,16
2004,M2004,256,512
2005,M2005,128,128
2006,M2006,256,120
2007,M2007,512,512
2008,M2008,32,32
2009,M2009,512,512
2010,M2010,80,240
2011,M2011,256,256
2012,M2012,128,128
2013,M2013,256,256
2014,M2014,256,256
2015,M2015,256,512
2016,M2016,32,32
2017,M2017,256,16
2018,M2018,256,256
2019,M2019,256,128
2020,M2020,256,2000
2021,M2021,256,256
2022,M2022,2000,240
2023,M2023,256,256
2024,M2024,32,256
2025,M2025,128,128
2026,M2026,256,512
2027,M2027,1,240
2028,M2028,256,256
2029,M2029,256,512
2030,M2030,512,512
2031,M2031,500,500
2032,M2032,256,1000
2033,M2033,256,1000
2034,M2034,256,240
2035,M2035,32,32
2036,M2036,256,128
2037,M2037,256,256
2038,M2038,160,240
2039,M2039,256,1000
2040,M2040,256,128
2041,M2041,1000,1000
2042,M2042,16,16
2043,M2043,256,128
2044,M2044,256,256
2045,M2045,256,240
2046,M2046,256,250
2047,M2047,32,32
2048,M2048,512,512
2049,M2049,256,512
2050,M2050,16,16
2051,M2051,256,256
2052,M2052,1000,240
2053,M2053,256,500
2054,M2054,256,256
2055,M2055,256,2000
2056,M2056,512,512
2057,M2057,512,512
2058,M2058,4,240
2059,M2059,500,256
2060,M2060,256,16
2061,M2061,256,256
2062,M2062,32,32
2063,M2063,16,16
2064,M2064,1000,1000
2065,M2065,16,16
2066,M2066,256,128
2067,M2067,1000,1000
2068,M2068,256,1000
2069,M2069,256,128
2070,M2070,256,240
2071,M2071,32,32
2072,M2072,256,240
2073,M2073,256,32
2074,M2074,512,512
2075,M2075,64,64
2076,M2076,512,512
2077,M2077,256,256
2078,M2078,256,240
2079,M2079,32,32
2080,M2080,256,256
2081,M2081,256,32
2082,M2082,320,240
2083,M2083,128,128
2084,M2084,256,512
2085,M2085,512,512
2086,M2086,512,512
2087,M2087,256,256
2088,M2088,256,240
2089,M2089,500,240
2090,M2090,1000,1000
2091,M2091,1000,1000
2092,M2092,256,128
2093,M2093,2000,2000
2094,M2094,256,240
2095,M2095,256,256
2096,M2096,256,16
2097,M2097,256,16
2098,M2098,256,240
2099,M2099,256,500
2100,M2100,256,240
2101,M2101,16,16
2102,M2102,256,256
2103,M2103,128,128
2104,M2104,256,240
2105,M2105,16,16
2106,M2106,256,256
2107,M2107,256,256
2108,M2108,1000,240
2109,M2109,256,16
2110,M2110,256,256
2111,M2111,256,2000
2112,M2112,256,256
2113,M2113,256,256
2114,M2114,256,256
2115,M2115,32,32
2116,M2116,8,256
2117,M2117,256,512
2118,M2118,320,240
2119,M2119,512,1000
2120,M2120,256,240
2121,M2121,128,128
2122,M2122,640,240
2123,M2123,512,512
2124,M2124,256,1000
2125,M2125,256,128
2126,M2126,16,16
2127,M2127,256,256
2128,M2128,256,256
2129,M2129,250,240
2130,M2130,512,512
2131,M2131,256,256
2132,M2132,256,256
2133,M2133,256,256
2134,M2134,160,240
2135,M2135,16,16
2136,M2136,1000,1000
2137,M2137,256,240
2138,M2138,256,512
2139,M2139,256,512
2140,M2140,1000,1000
2141,M2141,256,512
2142,M2142,256,240
2143,M2143,256,256
2144,M2144,256,120
2145,M2145,512,512
2146,M2146,256,240
2147,M2147,256,240
2148,M2148,256,240
2149,M2149,512,512
2150,M2150,256,240
2151,M2151,1000,1000
2152,M2152,512,512
2153,M2153,500,240
2154,M2154,500,240
2155,M2155,256,256
2156,M2156,256,512
2157,M2157,256,256
2158,M2158,256,256
2159,M2159,512,512
2160,M2160,128,128
2161,M2161,256,240
2162,M2162,256,1000
2163,M2163,256,240
2164,M2164,256,256
2165,M2165,256,240
2166,M2166,512,1000
2167,M2167,256,64
2168,M2168,256,256
2169,M2169,256,240
2170,M2170,256,240
2171,M2171,256,240
2172,M2172,256,240
2173,M2173,256,512
2174,M2174,256,240
2175,M2175,256,120
2176,M2176,256,2000
2177,M2177,256,240
2178,M2178,1000,1000
2179,M2179,16,16
2180,M2180,256,240
2181,M2181,256,240
2182,M2182,256,1000
2183,M2183,256,240
2184,M2184,256,120
2185,M2185,1000,1000
2186,M2186,32,32
2187,M2187,256,256
2188,M2188,256,240
2189,M2189,16,16
2190,M2190,256,240
2191,M2191,128,128
2192,M2192,256,512
2193,M2193,256,240
2194,M2194,256,240
2195,M2195,256,240
2196,M2196,256,240
2197,M2197,256,240
2198,M2198,256,256
2199,M2199,256,240
2200,M2200,256,240
2201,M2201,256,240
2202,M2202,2000,2000
2203,M2203,256,240
2204,M2204,1000,120
2205,M2205,256,120
2206,M2206,256,240
2207,M2207,256,240
2208,M2208,512,512
2209,M2209,256,1000
2210,M2210,2,16
2211,M2211,1000,256
2212,M2212,256,256
2213,M2213,256,240
2214,M2214,500,240
2215,M2215,128,128
2216,M2216,256,32
2217,M2217,500,240
2218,M2218,256,256
2219,M2219,500,240
2220,M2220,256,120
2221,M2221,3,240
2222,M2222,256,240
2223,M2223,256,240
2224,M2224,240,256
2225,M2225,128,128
2226,M2226,256,240
2227,M2227,2000,2000
2228,M2228,256,128
2229,M2229,256,120
2230,M2230,4,240
2231,M2231,256,240
2232,M2232,256,512
2233,M2233,20,512
2234,M2234,256,256
2235,M2235,256,512
2236,M2236,256,256
2237,M2237,512,512
2238,M2238,512,512
2239,M2239,800,800
2240,M2240,256,240
2241,M2241,256,240
2242,M2242,160,240
2243,M2243,256,120
2244,M2244,256,256
2245,M2245,256,256
2246,M2246,1000,1000
2247,M2247,256,512
2248,M2248,750,240
2249,M2249,256,128
2250,M2250,256,240
2251,M2251,256,240
2252,M2252,256,240
2253,M2253,32,32
2254,M2254,16,16
2255,M2255,256,32
2256,M2256,500,240
2257,M2257,512,512
2258,M2258,256,240
2259,M2259,512,256
2260,M2260,1000,1000
2261,M2261,256,256
2262,M2262,128,128
2263,M2263,256,240
2264,M2264,256,256
2265,M2265,512,512
2266,M2266,256,240
2267,M2267,250,240
2268,M2268,16,16
2269,M2269,256,1000
2270,M2270,256,256
2271,M2271,16,16
2272,M2272,256,240
2273,M2273,500,500
2274,M2274,256,240
2275,M2275,256,4000
2276,M2276,256,240
2277,M2277,256,1000
2278,M2278,256,256
2279,M2279,2,240
2280,M2280,32,32
2281,M2281,256,16
2282,M2282,256,240
2283,M2283,512,128
2284,M2284,256,512
2285,M2285,256,480
2286,M2286,128,128
2287,M2287,256,240
2288,M2288,256,240
2289,M2289,256,240
2290,M2290,16,16
2291,M2291,256,240
2292,M2292,512,512
2293,M2293,256,240
2294,M2294,465,256
2295,M2295,256,240
2296,M2296,256,32
2297,M2297,256,512
2298,M2298,128,512
2299,M2299,256,128
2300,M2300,256,512
2301,M2301,256,512
2302,M2302,256,256
2303,M2303,500,240
2304,M2304,512,512
2305,M2305,4,240
2306,M2306,512,512
2307,M2307,2000,240
2308,M2308,256,120
2309,M2309,256,480
2310,M2310,256,240
2311,M2311,1000,240
2312,M2312,256,256
2313,M2313,256,512
2314,M2314,512,512
2315,M2315,256,256
2316,M2316,256,240
2317,M2317,16,16
2318,M2318,256,240
2319,M2319,256,256
2320,M2320,256,256
2321,M2321,500,240
2322,M2322,16,16
2323,M2323,750,240
2324,M2324,256,240
2325,M2325,320,240
2326,M2326,256,120
2327,M2327,256,240
2328,M2328,256,480
2329,M2329,256,64
2330,M2330,256,240
2331,M2331,80,240
2332,M2332,512,512
2333,M2333,256,240
2334,M2334,2000,2000
2335,M2335,64,64
2336,M2336,256,240
2337,M2337,256,120
2338,M2338,256,240
2339,M2339,1000,1000
2340,M2340,256,240
2341,M2341,256,240
2342,M2342,256,240
2343,M2343,64,64
2344,M2344,256,240
2345,M2345,256,256
2346,M2346,500,128
2347,M2347,256,512
2348,M2348,1000,1000
2349,M2349,64,64
2350,M2350,256,256
2351,M2351,256,240
2352,M2352,256,240
2353,M2353,256,240
2354,M2354,256,240
2355,M2355,81,240
2356,M2356,512,512
2357,M2357,256,240
2358,M2358,256,256
2359,M2359,256,512
2360,M2360,256,256
2361,M2361,256,512
2362,M2362,256,240
2363,M2363,256,240
2364,M2364,256,512
2365,M2365,256,256
2366,M2366,256,512
2367,M2367,128,128
2368,M2368,512,512
2369,M2369,256,256
2370,M2370,500,240
2371,M2371,256,32
2372,M2372,256,256
2373,M2373,128,128
2374,M2374,256,512
2375,M2375,512,512
2376,M2376,128,128
2377,M2377,128,128
2378,M2378,256,256
2379,M2379,256,512
2380,M2380,500,500
2381,M2381,256,512
2382,M2382,16,16
2383,M2383,128,128
2384,M2384,256,16
2385,M2385,32,240
2386,M2386,256,16
2387,M2387,256,256
2388,M2388,256,256
2389,M2389,256,256
2390,M2390,512,512
2391,M2391,256,2000
2392,M2392,16,16
2393,M2393,32,32
2394,M2394,256,256
2395,M2395,32,32
2396,M2396,256,256
2397,M2397,256,240
2398,M2398,512,512
2399,M2399,16,16
2400,M2400,500,128
2401,M2401,256,512
2402,M2402,512,512
2403,M2403,16,16
2404,M2404,256,1000
2405,M2405,512,512
2406,M2406,32,32
2407,M2407,256,480
2408,M2408,256,240
2409,M2409,256,240
2410,M2410,256,240
2411,M2411,80,240
2412,M2412,256,240
2413,M2413,128,128
2414,M2414,256,512
2415,M2415,256,240
2416,M2416,128,128
2417,M2417,256,240
2418,M2418,256,240
2419,M2419,1000,240
2420,M2420,16,240
2421,M2421,1000,240
2422,M2422,16,16
2423,M2423,256,256
2424,M2424,256,120
2425,M2425,256,240
2426,M2426,512,512
2427,M2427,256,512
2428,M2428,512,512
2429,M2429,4,32
2430,M2430,256,256
2431,M2431,256,32
2432,M2432,256,240
2433,M2433,256,240
2434,M2434,32,240
2435,M2435,8,240
2436,M2436,500,180
2437,M2437,512,512
2438,M2438,256,256
2439,M2439,256,240
2440,M2440,256,240
2441,M2441,256,240
2442,M2442,256,240
2443,M2443,256,256
2444,M2444,16,16
2445,M2445,256,240
2446,M2446,256,240
2447,M2447,256,120
2448,M2448,256,240
2449,M2449,256,240
2450,M2450,256,256
2451,M2451,256,240
2452,M2452,256,1000
2453,M2453,16,16
2454,M2454,256,256
2455,M2455,256,256
2456,M2456,32,240
2457,M2457,16,476
2458,M2458,256,240
2459,M2459,256,240
2460,M2460,256,16
2461,M2461,256,240
2462,M2462,500,240
2463,M2463,256,120
2464,M2464,512,512
2465,M2465,256,256
2466,M2466,500,240
2467,M2467,8,240
2468,M2468,256,256
2469,M2469,256,256
2470,M2470,1000,1000
2471,M2471,256,480
2472,M2472,256,120
2473,M2473,256,240
2474,M2474,256,1000
2475,M2475,160,240
2476,M2476,256,512
2477,M2477,128,128
2478,M2478,750,240
2479,M2479,512,256
2480,M2480,256,256
2481,M2481,512,512
2482,M2482,512,512
2483,M2483,512,512
2484,M2484,16,16
2485,M2485,500,240
2486,M2486,256,256
2487,M2487,256,240
2488,M2488,256,240
2489,M2489,256,120
2490,M2490,32,32
2491,M2491,12,512
2492,M2492,256,256
2493,M2493,256,128
2494,M2494,256,960
2495,M2495,256,240
2496,M2496,256,120
2497,M2497,256,120
2498,M2498,256,960
2499,M2499,256,128
2500,M2500,256,480
2501,M2501,256,240
2502,M2502,256,120
2503,M2503,256,512
2504,M2504,128,128
2505,M2505,1000,240
2506,M2506,1000,128
2507,M2507,256,256
2508,M2508,256,256
2509,M2509,256,240
2510,M2510,500,240
2511,M2511,256,256
2512,M2512,256,240
2513,M2513,256,240
2514,M2514,256,256
2515,M2515,4,16
2516,M2516,32,32
2517,M2517,256,1000
2518,M2518,32,32
2519,M2519,256,960
2520,M2520,256,120
2521,M2521,256,256
2522,M2522,256,256
2523,M2523,256,240
2524,M2524,256,256
2525,M2525,256,240
2526,M2526,128,128
2527,M2527,256,240
2528,M2528,256,120
2529,M2529,256,120
2530,M2530,256,256
2531,M2531,256,240
2532,M2532,256,1000
2533,M2533,256,240
2534,M2534,256,240
2535,M2535,256,960
2536,M2536,256,240
2537,M2537,80,240
2538,M2538,256,240
2539,M2539,512,512
2540,M2540,256,240
2541,M2541,256,500
2542,M2542,512,512
2543,M2543,256,240
2544,M2544,256,240
2545,M2545,256,120
2546,M2546,240,240
2547,M2547,16,16
2548,M2548,256,256
2549,M2549,2000,2000
2550,M2550,256,240
2551,M2551,256,240
2552,M2552,256,1000
2553,M2553,256,240
2554,M2554,256,1000
2555,M2555,256,240
2556,M2556,16,256
2557,M2557,256,120
2558,M2558,256,256
2559,M2559,1000,1000
2560,M2560,256,256
2561,M2561,1000,240
2562,M2562,256,4
2563,M2563,256,16
2564,M2564,500,500
2565,M2565,256,120
2566,M2566,256,120
2567,M2567,16,16
2568,M2568,256,256
2569,M2569,256,256
2570,M2570,256,512
2571,M2571,512,512
2572,M2572,512,512
2573,M2573,256,256
2574,M2574,256,1000
2575,M2575,256,240
2576,M2576,256,1000
2577,M2577,512,512
2578,M2578,256,256
2579,M2579,512,512
2580,M2580,256,960
2581,M2581,256,240
2582,M2582,256,240
2583,M2583,512,512
2584,M2584,256,240
2585,M2585,512,512
2586,M2586,160,250
2587,M2587,256,256
2588,M2588,256,512
2589,M2589,256,240
2590,M2590,256,128
2591,M2591,256,512
2592,M2592,256,240
2593,M2593,256,256
2594,M2594,256,480
2595,M2595,256,240
2596,M2596,256,120
2597,M2597,320,240
2598,M2598,256,240
2599,M2599,256,256
2600,M2600,256,1000
2601,M2601,128,128
2602,M2602,4,64
2603,M2603,256,960
2604,M2604,160,240
2605,M2605,128,128
2606,M2606,256,240
2607,M2607,256,480
2608,M2608,500,180
2609,M2609,256,240
2610,M2610,256,240
2611,M2611,256,480
2612,M2612,256,32
2613,M2613,256,256
2614,M2614,256,256
2615,M2615,256,128
2616,M2616,256,240
2617,M2617,256,1000
2618,M2618,256,960
2619,M2619,256,240
2620,M2620,256,512
2621,M2621,256,128
2622,M2622,1000,256
2623,M2623,256,240
2624,M2624,512,512
2625,M2625,256,120
2626,M2626,256,240
2627,M2627,512,512
2628,M2628,128,128
2629,M2629,256,256
2630,M2630,500,500
2631,M2631,256,240
2632,M2632,256,120
2633,M2633,256,240
2634,M2634,256,240
2635,M2635,256,240
2636,M2636,500,240
2637,M2637,500,240
2638,M2638,640,240
2639,M2639,500,240
2640,M2640,256,256
2641,M2641,256,128
2642,M2642,1000,1000
2643,M2643,256,240
2644,M2644,256,256
2645,M2645,256,256
2646,M2646,256,32
2647,M2647,256,512
2648,M2648,256,32
2649,M2649,8,240
2650,M2650,1000,128
2651,M2651,64,64
2652,M2652,256,240
2653,M2653,256,240
2654,M2654,256,240
2655,M2655,256,240
2656,M2656,256,240
2657,M2657,256,240
2658,M2658,256,240
2659,M2659,256,960
2660,M2660,16,16
2661,M2661,8,128
2662,M2662,256,240
2663,M2663,256,128
2664,M2664,256,240
2665,M2665,256,120
2666,M2666,256,240
2667,M2667,256,256
2668,M2668,256,120
2669,M2669,256,240
2670,M2670,512,512
2671,M2671,256,240
2672,M2672,256,512
2673,M2673,256,512
2674,M2674,256,480
2675,M2675,256,240
2676,M2676,2000,2000
2677,M2677,128,240
2678,M2678,256,1000
2679,M2679,256,256
2680,M2680,256,256
2681,M2681,256,360
2682,M2682,256,256
2683,M2683,256,240
2684,M2684,256,240
2685,M2685,256,32
2686,M2686,256,512
2687,M2687,256,240
2688,M2688,256,240
2689,M2689,256,240
2690,M2690,128,128
2691,M2691,256,240
2692,M2692,256,240
2693,M2693,256,240
2694,M2694,256,240
2695,M2695,256,1000
2696,M2696,256,240
2697,M2697,256,240
2698,M2698,256,256
2699,M2699,256,256
2700,M2700,256,240
2701,M2701,256,120
2702,M2702,256,240
2703,M2703,256,240
2704,M2704,256,480
2705,M2705,256,64
2706,M2706,256,256
2707,M2707,512,512
2708,M2708,500,240
2709,M2709,256,256
2710,M2710,256,240
2711,M2711,256,512
2712,M2712,256,256
2713,M2713,256,512
2714,M2714,128,128
2715,M2715,256,120
2716,M2716,256,240
2717,M2717,32,32
2718,M2718,256,256
2719,M2719,500,240
2720,M2720,512,512
2721,M2721,256,240
2722,M2722,256,256
2723,M2723,256,240
2724,M2724,256,240
2725,M2725,256,240
2726,M2726,256,16
2727,M2727,256,240
2728,M2728,256,240
2729,M2729,256,1000
2730,M2730,256,240
2731,M2731,64,64
2732,M2732,256,240
2733,M2733,1000,1000
2734,M2734,256,960
2735,M2735,1000,240
2736,M2736,256,240
2737,M2737,256,240
2738,M2738,256,256
2739,M2739,256,512
2740,M2740,256,240
2741,M2741,256,240
2742,M2742,320,256
2743,M2743,240,240
2744,M2744,256,256
2745,M2745,1000,1000
2746,M2746,256,240
2747,M2747,1000,1000
2748,M2748,256,240
2749,M2749,256,256
2750,M2750,256,240
2751,M2751,256,1000
2752,M2752,128,128
2753,M2753,1000,1000
2754,M2754,256,240
2755,M2755,256,512
2756,M2756,256,120
2757,M2757,256,240
2758,M2758,256,256
2759,M2759,256,1000
2760,M2760,256,32
2761,M2761,256,512
2762,M2762,256,240
2763,M2763,256,32
2764,M2764,256,120
2765,M2765,320,240
2766,M2766,256,256
2767,M2767,256,128
2768,M2768,512,512
2769,M2769,1000,1000
2770,M2770,256,256
2771,M2771,256,512
2772,M2772,250,240
2773,M2773,16,16
2774,M2774,256,256
2775,M2775,250,256
2776,M2776,256,256
2777,M2777,4,240
2778,M2778,512,512
2779,M2779,256,512
2780,M2780,256,256
2781,M2781,256,240
2782,M2782,500,500
2783,M2783,256,1000
2784,M2784,256,128
2785,M2785,256,240
2786,M2786,500,240
2787,M2787,256,256
2788,M2788,256,1000
2789,M2789,256,512
2790,M2790,64,240
2791,M2791,500,240
2792,M2792,256,240
2793,M2793,16,16
2794,M2794,16,16
2795,M2795,1000,1000
2796,M2796,1000,1000
2797,M2797,512,256
2798,M2798,256,256
2799,M2799,256,256
2800,M2800,128,128
2801,M2801,256,256
2802,M2802,500,240
2803,M2803,256,240
2804,M2804,256,240
2805,M2805,256,480
2806,M2806,256,240
2807,M2807,1000,1000
2808,M2808,256,240
2809,M2809,512,512
2810,M2810,128,128
2811,M2811,256,240
2812,M2812,400,128
2813,M2813,128,128
2814,M2814,512,512
2815,M2815,256,960
2816,M2816,256,960
2817,M2817,256,480
2818,M2818,1000,240
2819,M2819,1000,240
2820,M2820,256,256
2821,M2821,256,240
2822,M2822,256,240
2823,M2823,1000,1000
2824,M2824,256,256
2825,M2825,512,512
2826,M2826,256,240
2827,M2827,256,240
2828,M2828,256,512
2829,M2829,256,240
2830,M2830,256,960
2831,M2831,32,240
2832,M2832,256,32
2833,M2833,256,240
2834,M2834,256,16
2835,M2835,256,256
2836,M2836,32,32
2837,M2837,256,256
2838,M2838,256,240
2839,M2839,256,240
2840,M2840,64,64
2841,M2841,256,240
2842,M2842,256,240
2843,M2843,256,240
2844,M2844,256,240
2845,M2845,256,240
2846,M2846,512,512
2847,M2847,256,240
2848,M2848,256,120
2849,M2849,0,256
2850,M2850,256,256
2851,M2851,250,120
2852,M2852,256,240
2853,M2853,1000,1000
2854,M2854,256,256
2855,M2855,256,240
2856,M2856,320,240
2857,M2857,256,240
2858,M2858,256,128
2859,M2859,256,240
2860,M2860,256,120
2861,M2861,256,240
2862,M2862,256,480
2863,M2863,256,240
2864,M2864,256,256
2865,M2865,256,240
2866,M2866,256,240
2867,M2867,1000,1000
2868,M2868,500,240
2869,M2869,256,240
2870,M2870,256,256
2871,M2871,512,512
2872,M2872,500,240
2873,M2873,256,512
2874,M2874,4000,2000
2875,M2875,256,240
2876,M2876,256,256
2877,M2877,256,240
2878,M2878,256,256
2879,M2879,256,240
2880,M2880,256,64
2881,M2881,256,240
2882,M2882,256,240
2883,M2883,256,240
2884,M2884,256,240
2885,M2885,256,240
2886,M2886,256,240
2887,M2887,256,120
2888,M2888,256,120
2889,M2889,256,120
2890,M2890,256,240
2891,M2891,256,240
2892,M2892,256,256
2893,M2893,256,240
2894,M2894,256,960
2895,M2895,256,240
2896,M2896,512,512
2897,M2897,500,240
2898,M2898,1000,1000
2899,M2899,256,160
2900,M2900,1000,240
2901,M2901,128,240
2902,M2902,256,240
2903,M2903,64,64
2904,M2904,256,512
2905,M2905,256,240
2906,M2906,256,128
2907,M2907,256,240
2908,M2908,8,240
2909,M2909,256,240
2910,M2910,256,240
2911,M2911,256,256
2912,M2912,256,256
2913,M2913,256,120
2914,M2914,256,240
2915,M2915,2,1000
2916,M2916,64,64
2917,M2917,1000,128
2918,M2918,256,240
2919,M2919,128,128
2920,M2920,256,240
2921,M2921,256,240
2922,M2922,256,240
2923,M2923,256,240
2924,M2924,256,256
2925,M2925,256,512
2926,M2926,256,240
2927,M2927,16,16
2928,M2928,160,240
2929,M2929,256,240
2930,M2930,512,512
2931,M2931,256,240
2932,M2932,256,2000
2933,M2933,256,240
2934,M2934,256,480
2935,M2935,256,240
2936,M2936,256,120
2937,M2937,256,128
2938,M2938,256,240
2939,M2939,256,240
2940,M2940,256,256
2941,M2941,64,64
2942,M2942,256,240
2943,M2943,512,512
2944,M2944,256,240
2945,M2945,256,960
2946,M2946,256,480
2947,M2947,2000,2000
2948,M2948,256,240
2949,M2949,256,256
2950,M2950,256,240
2951,M2951,256,240
2952,M2952,256,240
2953,M2953,256,240
2954,M2954,256,240
2955,M2955,256,120
2956,M2956,256,240
2957,M2957,256,480
2958,M2958,256,240
2959,M2959,256,240
2960,M2960,256,256
2961,M2961,256,240
2962,M2962,256,240
2963,M2963,256,240
2964,M2964,256,240
2965,M2965,256,480
2966,M2966,256,120
2967,M2967,256,240
2968,M2968,256,256
2969,M2969,256,240
2970,M2970,256,240
2971,M2971,256,240
2972,M2972,256,240
2973,M2973,256,240
2974,M2974,256,240
2975,M2975,256,240
2976,M2976,256,240
2977,M2977,256,240
2978,M2978,256,240
2979,M2979,256,240
2980,M2980,256,240
2981,M2981,256,120
2982,M2982,256,240
2983,M2983,256,120
2984,M2984,256,240
2985,M2985,256,240
2986,M2986,256,240
2987,M2987,256,240
2988,M2988,256,240
2989,M2989,256,16
2990,M2990,256,240
2991,M2991,256,2000
2992,M2992,256,120
2993,M2993,256,120
2994,M2994,256,4000
2995,M2995,256,1000
2996,M2996,256,256
2997,M2997,256,240
2998,M2998,8,240
2999,M2999,256,240
3000,M3000,256,240
3001,M3001,256,240
3002,M3002,256,120
3003,M3003,256,240
3004,M3004,64,64
3005,M3005,128,128
3006,M3006,256,240
3007,M3007,256,240
3008,M3008,256,240
3009,M3009,256,240
3010,M3010,256,240
3011,M3011,256,240
3012,M3012,256,240
3013,M3013,256,240
3014,M3014,256,240
3015,M3015,256,240
3016,M3016,256,240
3017,M3017,8,240
3018,M3018,256,256
3019,M3019,256,240
3020,M3020,256,480
3021,M3021,256,240
3022,M3022,256,240
3023,M3023,256,240
3024,M3024,256,120
3025,M3025,256,240
3026,M3026,256,240
3027,M3027,256,480
3028,M3028,256,240
3029,M3029,256,240
3030,M3030,256,240
3031,M3031,256,240
3032,M3032,256,240
3033,M3033,256,240
3034,M3034,256,240
3035,M3035,256,240
3036,M3036,256,240
3037,M3037,256,240
3038,M3038,256,240
3039,M3039,32,32
3040,M3040,256,480
3041,M3041,256,120
3042,M3042,256,240
3043,M3043,256,240
3044,M3044,256,240
3045,M3045,80,240
3046,M3046,256,240
3047,M3047,256,240
3048,M3048,256,240
3049,M3049,256,240
3050,M3050,256,960
3051,M3051,256,240
3052,M3052,256,240
3053,M3053,256,240
3054,M3054,256,480
3055,M3055,250,120
3056,M3056,256,240
3057,M3057,256,240
3058,M3058,256,120
3059,M3059,256,240
3060,M3060,256,256
3061,M3061,256,512
3062,M3062,256,240
3063,M3063,256,256
3064,M3064,256,240
3065,M3065,256,240
3066,M3066,256,120
3067,M3067,256,240
3068,M3068,256,240
3069,M3069,256,240
3070,M3070,256,240
3071,M3071,256,240
3072,M3072,256,240
3073,M3073,256,240
3074,M3074,256,240
3075,M3075,256,240
3076,M3076,256,240
3077,M3077,256,240
3078,M3078,256,240
3079,M3079,256,240
3080,M3080,256,120
3081,M3081,256,240
3082,M3082,256,240
3083,M3083,256,240
3084,M3084,256,480
3085,M3085,256,512
3086,M3086,256,240
3087,M3087,16,16
3088,M3088,64,64
3089,M3089,256,2000
3090,M3090,512,512
3091,M3091,80,240
3092,M3092,256,256
3093,M3093,256,240
3094,M3094,256,240
3095,M3095,256,240
3096,M3096,64,64
3097,M3097,256,240
3098,M3098,256,32
3099,M3099,128,128
3100,M3100,256,120
3101,M3101,16,240
3102,M3102,512,64
3103,M3103,16,16
3104,M3104,256,512
3105,M3105,256,480
3106,M3106,256,240
3107,M3107,256,240
3108,M3108,256,240
3109,M3109,256,256
3110,M3110,256,240
3111,M3111,256,960
3112,M3112,256,240
3113,M3113,256,240
3114,M3114,256,240
3115,M3115,256,240
3116,M3116,256,240
3117,M3117,256,240
3118,M3118,256,240
3119,M3119,256,240
3120,M3120,256,240
3121,M3121,256,240
3122,M3122,256,240
3123,M3123,256,240
3124,M3124,256,240
3125,M3125,256,240
3126,M3126,256,240
3127,M3127,256,240
3128,M3128,256,240
3129,M3129,256,240
3130,M3130,256,240
3131,M3131,256,240
3132,M3132,256,240
3133,M3133,32,32
3134,M3134,256,128
3135,M3135,16,16
3136,M3136,32,32
3137,M3137,128,128
3138,M3138,128,128
3139,M3139,256,256
3140,M3140,1000,1000
3141,M3141,500,240
3142,M3142,256,256
3143,M3143,128,128
3144,M3144,256,240
3145,M3145,512,512
3146,M3146,256,256
3147,M3147,1000,1000
3148,M3148,256,512
3149,M3149,256,512
3150,M3150,512,512
3151,M3151,8,240
3152,M3152,4,32
3153,M3153,256,256
3154,M3154,250,256
3155,M3155,256,256
3156,M3156,4,240
3157,M3157,256,120
3158,M3158,256,120
3159,M3159,256,960
3160,M3160,256,240
3161,M3161,256,240
3162,M3162,256,120
3163,M3163,256,240
3164,M3164,256,240
3165,M3165,256,240
3166,M3166,24,1024
3167,M3167,500,240
3168,M3168,256,240
3169,M3169,256,240
3170,M3170,256,240
3171,M3171,256,240
3172,M3172,256,240
3173,M3173,256,240
3174,M3174,256,240
3175,M3175,256,240
3176,M3176,256,240
3177,M3177,256,240
3178,M3178,256,120
3179,M3179,256,240
3180,M3180,256,240
3181,M3181,256,120
3182,M3182,256,240
3183,M3183,256,240
3184,M3184,256,240
3185,M3185,256,240
3186,M3186,256,240
3187,M3187,4,240
3188,M3188,256,240
3189,M3189,256,256
3190,M3190,64,240
3191,M3191,256,240
3192,M3192,256,512
3193,M3193,250,240
3194,M3194,512,512
3195,M3195,256,256
3196,M3196,256,240
3197,M3197,256,256
3198,M3198,1000,1000
3199,M3199,256,240
3200,M3200,256,240
3201,M3201,160,240
3202,M3202,256,240
3203,M3203,512,512
3204,M3204,256,240
3205,M3205,64,64
3206,M3206,256,512
3207,M3207,256,256
3208,M3208,256,960
3209,M3209,256,240
3210,M3210,256,240
3211,M3211,8,240
3212,M3212,256,240
3213,M3213,256,240
3214,M3214,256,256
3215,M3215,256,240
3216,M3216,128,128
3217,M3217,256,512
3218,M3218,256,480
3219,M3219,256,240
3220,M3220,256,240
3221,M3221,256,240
3222,M3222,256,256
3223,M3223,32,32
3224,M3224,256,256
3225,M3225,256,256
3226,M3226,256,256
3227,M3227,256,240
3228,M3228,256,240
3229,M3229,256,360
3230,M3230,128,128
3231,M3231,256,240
3232,M3232,1000,256
3233,M3233,512,512
3234,M3234,256,240
3235,M3235,256,240
3236,M3236,256,256
3237,M3237,256,512
3238,M3238,512,512
3239,M3239,32,32
3240,M3240,256,960
3241,M3241,512,512
3242,M3242,256,256
3243,M3243,16,16
3244,M3244,256,240
3245,M3245,256,240
3246,M3246,256,120
3247,M3247,512,512
3248,M3248,256,128
3249,M3249,1000,1000
3250,M3250,256,256
3251,M3251,64,64
3252,M3252,256,256
3253,M3253,256,240
3254,M3254,256,240
3255,M3255,256,240
3256,M3256,256,120
3257,M3257,256,240
3258,M3258,256,240
3259,M3259,256,240
3260,M3260,256,480
3261,M3261,256,500
3262,M3262,256,240
3263,M3263,256,240
3264,M3264,256,360
3265,M3265,256,240
3266,M3266,256,240
3267,M3267,256,240
3268,M3268,256,240
3269,M3269,256,240
3270,M3270,400,128
3271,M3271,256,240
3272,M3272,256,240
3273,M3273,256,240
3274,M3274,256,240
3275,M3275,256,240
3276,M3276,256,240
3277,M3277,256,240
3278,M3278,256,240
3279,M3279,256,240
3280,M3280,256,240
3281,M3281,256,240
3282,M3282,256,240
3283,M3283,256,240
3284,M3284,256,240
3285,M3285,256,240
3286,M3286,256,240
3287,M3287,256,240
3288,M3288,256,240
3289,M3289,256,240
3290,M3290,256,4000
3291,M3291,256,240
3292,M3292,256,240
3293,M3293,256,240
3294,M3294,256,240
3295,M3295,256,240
3296,M3296,256,240
3297,M3297,256,240
3298,M3298,256,240
3299,M3299,256,240
3300,M3300,256,240
3301,M3301,256,240
3302,M3302,256,2000
3303,M3303,256,120
3304,M3304,256,240
3305,M3305,256,240
3306,M3306,256,240
3307,M3307,256,240
3308,M3308,256,240
3309,M3309,512,512
3310,M3310,512,512
3311,M3311,256,240
3312,M3312,256,128
3313,M3313,256,240
3314,M3314,64,240
3315,M3315,256,256
3316,M3316,500,240
3317,M3317,256,240
3318,M3318,256,240
3319,M3319,256,128
3320,M3320,128,240
3321,M3321,256,240
3322,M3322,240,240
3323,M3323,256,256
3324,M3324,16,16
3325,M3325,512,512
3326,M3326,256,256
3327,M3327,8,128
3328,M3328,256,240
3329,M3329,256,240
3330,M3330,32,240
3331,M3331,256,240
3332,M3332,500,240
3333,M3333,256,256
3334,M3334,256,240
3335,M3335,256,480
3336,M3336,256,240
3337,M3337,256,240
3338,M3338,256,120
3339,M3339,1000,240
3340,M3340,256,1000
3341,M3341,2,32
3342,M3342,256,512
3343,M3343,500,240
3344,M3344,256,240
3345,M3345,2000,1000
3346,M3346,512,512
3347,M3347,256,240
3348,M3348,256,240
3349,M3349,256,240
3350,M3350,256,256
3351,M3351,256,256
3352,M3352,24,256
3353,M3353,256,256
3354,M3354,512,512
3355,M3355,500,240
3356,M3356,256,240
3357,M3357,1000,1000
3358,M3358,256,240
3359,M3359,256,512
3360,M3360,500,128
3361,M3361,512,512
3362,M3362,256,240
3363,M3363,256,480
3364,M3364,256,256
3365,M3365,256,256
3366,M3366,256,256
3367,M3367,512,512
3368,M3368,256,512
3369,M3369,16,16
3370,M3370,256,240
3371,M3371,256,128
3372,M3372,256,120
3373,M3373,256,240
3374,M3374,256,480
3375,M3375,256,240
3376,M3376,256,2000
3377,M3377,256,240
3378,M3378,256,240
3379,M3379,256,240
3380,M3380,256,240
3381,M3381,256,480
3382,M3382,256,240
3383,M3383,256,960
3384,M3384,256,240
3385,M3385,256,480
3386,M3386,256,240
3387,M3387,256,240
3388,M3388,256,120
3389,M3389,256,480
3390,M3390,256,240
3391,M3391,256,240
3392,M3392,256,120
3393,M3393,256,240
3394,M3394,256,240
3395,M3395,256,240
3396,M3396,256,240
3397,M3397,256,120
3398,M3398,256,240
3399,M3399,256,240
3400,M3400,256,16
3401,M3401,256,1000
3402,M3402,256,512
3403,M3403,256,240
3404,M3404,256,128
3405,M3405,32,32
3406,M3406,256,256
3407,M3407,512,512
3408,M3408,256,256
3409,M3409,256,240
3410,M3410,256,960
3411,M3411,16,16
3412,M3412,500,500
3413,M3413,6,240
3414,M3414,256,240
3415,M3415,16,240
3416,M3416,256,240
3417,M3417,20,240
3418,M3418,16,256
3419,M3419,32,32
3420,M3420,256,120
3421,M3421,256,240
3422,M3422,256,240
3423,M3423,256,128
3424,M3424,256,256
3425,M3425,256,240
3426,M3426,250,250
3427,M3427,8,512
3428,M3428,512,512
3429,M3429,256,240
3430,M3430,24,1024
3431,M3431,16,1000
3432,M3432,32,32
3433,M3433,256,256
3434,M3434,256,256
3435,M3435,256,512
3436,M3436,256,512
3437,M3437,1000,1000
3438,M3438,256,256
3439,M3439,256,240
3440,M3440,256,240
3441,M3441,512,512
3442,M3442,256,240
3443,M3443,256,240
3444,M3444,128,128
3445,M3445,256,256
3446,M3446,256,512
3447,M3447,256,240
3448,M3448,256,32
3449,M3449,256,256
3450,M3450,500,500
3451,M3451,256,256
3452,M3452,256,1000
3453,M3453,500,240
3454,M3454,512,512
3455,M3455,512,512
3456,M3456,256,256
3457,M3457,512,512
3458,M3458,256,128
3459,M3459,256,256
3460,M3460,16,16
3461,M3461,256,512
3462,M3462,32,32
3463,M3463,256,1000
3464,M3464,256,1000
3465,M3465,256,240
3466,M3466,256,128
3467,M3467,256,256
3468,M3468,256,256
3469,M3469,8,256
3470,M3470,256,115
3471,M3471,256,240
3472,M3472,128,128
3473,M3473,4,32
3474,M3474,128,128
3475,M3475,256,256
3476,M3476,256,256
3477,M3477,256,256
3478,M3478,512,512
3479,M3479,256,240
3480,M3480,256,256
3481,M3481,256,256
3482,M3482,256,240
3483,M3483,256,240
3484,M3484,256,240
3485,M3485,256,240
3486,M3486,256,240
3487,M3487,256,240
3488,M3488,256,240
3489,M3489,256,240
3490,M3490,256,240
3491,M3491,256,480
3492,M3492,256,240
3493,M3493,256,480
3494,M3494,256,240
3495,M3495,256,240
3496,M3496,256,240
3497,M3497,256,240
3498,M3498,256,240
3499,M3499,256,240
3500,M3500,256,960
3501,M3501,256,240
3502,M3502,256,240
3503,M3503,256,240
3504,M3504,256,240
3505,M3505,256,240
3506,M3506,256,240
3507,M3507,256,240
3508,M3508,256,120
3509,M3509,256,240
3510,M3510,256,240
3511,M3511,256,240
3512,M3512,256,240
3513,M3513,256,240
3514,M3514,256,240
3515,M3515,256,240
3516,M3516,256,240
3517,M3517,256,512
3518,M3518,256,240
3519,M3519,256,240
3520,M3520,256,240
3521,M3521,256,256
3522,M3522,256,256
3523,M3523,256,128
3524,M3524,64,64
3525,M3525,256,256
3526,M3526,256,240
3527,M3527,4,240
3528,M3528,256,512
3529,M3529,256,240
3530,M3530,500,240
3531,M3531,256,256
3532,M3532,256,240
3533,M3533,256,512
3534,M3534,256,240
3535,M3535,256,16
3536,M3536,64,64
3537,M3537,256,180
3538,M3538,256,240
3539,M3539,256,120
3540,M3540,256,480
3541,M3541,256,960
3542,M3542,256,960
3543,M3543,256,240
3544,M3544,256,240
3545,M3545,256,240
3546,M3546,256,240
3547,M3547,256,256
3548,M3548,256,240
3549,M3549,256,4000
3550,M3550,256,240
3551,M3551,256,240
3552,M3552,256,240
3553,M3553,256,240
3554,M3554,256,256
3555,M3555,256,240
3556,M3556,256,240
3557,M3557,256,240
3558,M3558,256,240
3559,M3559,256,240
3560,M3560,256,256
3561,M3561,256,240
3562,M3562,256,240
3563,M3563,256,240
3564,M3564,256,240
3565,M3565,256,240
3566,M3566,256,240
3567,M3567,256,240
3568,M3568,256,4
3569,M3569,256,64
3570,M3570,1000,1000
3571,M3571,500,240
3572,M3572,256,256
3573,M3573,256,240
3574,M3574,256,512
3575,M3575,256,240
3576,M3576,120,120
3577,M3577,256,240
3578,M3578,256,240
3579,M3579,256,240
3580,M3580,256,1000
3581,M3581,256,240
3582,M3582,512,512
3583,M3583,32,240
3584,M3584,256,128
3585,M3585,256,256
3586,M3586,256,240
3587,M3587,256,240
3588,M3588,256,32
3589,M3589,256,240
3590,M3590,256,512
3591,M3591,256,240
3592,M3592,512,512
3593,M3593,64,64
3594,M3594,256,240
3595,M3595,320,240
3596,M3596,512,512
3597,M3597,500,240
3598,M3598,256,120
3599,M3599,256,240
3600,M3600,256,120
3601,M3601,256,240
3602,M3602,256,240
3603,M3603,256,240
3604,M3604,256,240
3605,M3605,256,480
3606,M3606,256,240
3607,M3607,256,120
3608,M3608,256,480
3609,M3609,256,240
3610,M3610,256,240
3611,M3611,256,240
3612,M3612,256,240
3613,M3613,256,240
3614,M3614,256,240
3615,M3615,256,240
3616,M3616,256,240
3617,M3617,256,240
3618,M3618,256,240
3619,M3619,256,240
3620,M3620,256,480
3621,M3621,256,240
3622,M3622,256,240
3623,M3623,256,240
3624,M3624,256,240
3625,M3625,256,120
3626,M3626,256,240
3627,M3627,256,240
3628,M3628,256,240
3629,M3629,256,240
3630,M3630,256,240
3631,M3631,256,240
3632,M3632,256,240
3633,M3633,256,240
3634,M3634,256,240
3635,M3635,256,240
3636,M3636,256,240
3637,M3637,256,240
3638,M3638,256,240
3639,M3639,256,240
3640,M3640,256,120
3641,M3641,256,240
3642,M3642,256,240
3643,M3643,256,240
3644,M3644,256,240
3645,M3645,256,120
3646,M3646,256,240
3647,M3647,256,240
3648,M3648,256,240
3649,M3649,256,240
3650,M3650,256,240
3651,M3651,256,240
3652,M3652,256,240
3653,M3653,256,240
3654,M3654,256,240
3655,M3655,256,240
3656,M3656,256,240
3657,M3657,256,240
3658,M3658,256,240
3659,M3659,256,240
3660,M3660,256,480
3661,M3661,256,240
3662,M3662,256,240
3663,M3663,256,240
3664,M3664,256,240
3665,M3665,256,240
3666,M3666,256,120
3667,M3667,256,240
3668,M3668,256,240
3669,M3669,256,240
3670,M3670,256,240
3671,M3671,256,240
3672,M3672,256,240
3673,M3673,256,240
3674,M3674,256,240
3675,M3675,256,240
3676,M3676,16,16
3677,M3677,256,240
3678,M3678,256,240
3679,M3679,256,240
3680,M3680,256,240
3681,M3681,128,128
3682,M3682,256,256
3683,M3683,256,240
3684,M3684,256,512
3685,M3685,500,240
3686,M3686,256,240
3687,M3687,62,64
3688,M3688,256,240
3689,M3689,500,500
3690,M3690,32,32
3691,M3691,256,240
3692,M3692,16,16
3693,M3693,256,240
3694,M3694,512,512
3695,M3695,240,240
3696,M3696,256,1000
3697,M3697,250,240
3698,M3698,256,240
3699,M3699,256,240
3700,M3700,256,256
3701,M3701,32,240
3702,M3702,256,240
3703,M3703,256,240
3704,M3704,256,256
3705,M3705,256,240
3706,M3706,256,240
3707,M3707,256,512
3708,M3708,256,240
3709,M3709,256,480
3710,M3710,256,240
3711,M3711,256,240
3712,M3712,256,960
3713,M3713,256,240
3714,M3714,256,120
3715,M3715,256,240
3716,M3716,256,240
3717,M3717,256,240
3718,M3718,256,240
3719,M3719,256,960
3720,M3720,256,240
3721,M3721,256,240
3722,M3722,256,240
3723,M3723,256,240
3724,M3724,256,480
3725,M3725,256,240
3726,M3726,256,240
3727,M3727,256,120
3728,M3728,256,240
3729,M3729,256,240
3730,M3730,256,256
3731,M3731,256,16
3732,M3732,256,64
3733,M3733,256,240
3734,M3734,128,128
3735,M3735,256,512
3736,M3736,4,32
3737,M3737,512,512
3738,M3738,16,16
3739,M3739,16,16
3740,M3740,256,256
3741,M3741,256,256
3742,M3742,128,128
3743,M3743,256,256
3744,M3744,256,256
3745,M3745,512,512
3746,M3746,256,240
3747,M3747,512,512
3748,M3748,512,512
3749,M3749,64,64
3750,M3750,256,256
3751,M3751,256,32
3752,M3752,8,256
3753,M3753,16,16
3754,M3754,256,256
3755,M3755,256,2000
3756,M3756,256,240
3757,M3757,64,64
3758,M3758,128,128
3759,M3759,320,240
3760,M3760,256,256
3761,M3761,512,512
3762,M3762,16,256
3763,M3763,120,240
3764,M3764,256,480
3765,M3765,256,240
3766,M3766,1000,240
3767,M3767,256,240
3768,M3768,256,960
3769,M3769,256,240
3770,M3770,256,256
3771,M3771,256,240
3772,M3772,256,480
3773,M3773,256,240
3774,M3774,256,240
3775,M3775,256,128
3776,M3776,256,240
3777,M3777,256,256
3778,M3778,256,240
3779,M3779,256,240
3780,M3780,256,240
3781,M3781,256,120
3782,M3782,256,120
3783,M3783,256,256
3784,M3784,256,240
3785,M3785,500,240
3786,M3786,256,240
3787,M3787,256,240
3788,M3788,256,240
3789,M3789,256,240
3790,M3790,256,240
3791,M3791,256,240
3792,M3792,256,240
3793,M3793,4,128
3794,M3794,256,240
3795,M3795,256,240
3796,M3796,256,240
3797,M3797,256,240
3798,M3798,256,240
3799,M3799,256,240
3800,M3800,256,240
3801,M3801,256,240
3802,M3802,256,240
3803,M3803,256,240
3804,M3804,256,2000
3805,M3805,256,240
3806,M3806,16,16
3807,M3807,256,960
3808,M3808,256,240
3809,M3809,256,240
3810,M3810,256,240
3811,M3811,256,240
3812,M3812,256,960
3813,M3813,256,240
3814,M3814,256,240
3815,M3815,256,120
3816,M3816,256,2000
3817,M3817,256,240
3818,M3818,256,240
3819,M3819,256,480
3820,M3820,256,240
3821,M3821,256,240
3822,M3822,256,240
3823,M3823,256,120
3824,M3824,256,240
3825,M3825,256,240
3826,M3826,256,120
3827,M3827,256,960
3828,M3828,256,240
3829,M3829,256,240
3830,M3830,256,240
3831,M3831,256,240
3832,M3832,256,240
3833,M3833,256,960
3834,M3834,256,240
3835,M3835,256,240
3836,M3836,256,960
3837,M3837,256,480
3838,M3838,256,240
3839,M3839,256,240
3840,M3840,256,240
3841,M3841,256,240
3842,M3842,256,240
3843,M3843,256,120
3844,M3844,256,240
3845,M3845,256,240
3846,M3846,256,120
3847,M3847,256,256
3848,M3848,256,240
3849,M3849,256,512
3850,M3850,256,240
3851,M3851,256,240
3852,M3852,256,240
3853,M3853,256,240
3854,M3854,256,240
3855,M3855,256,240
3856,M3856,256,240
3857,M3857,256,240
3858,M3858,256,240
3859,M3859,256,240
3860,M3860,256,480
3861,M3861,256,240
3862,M3862,256,120
3863,M3863,256,960
3864,M3864,256,120
3865,M3865,256,240
3866,M3866,256,240
3867,M3867,256,240
3868,M3868,256,120
3869,M3869,256,240
3870,M3870,256,240
3871,M3871,256,240
3872,M3872,256,240
3873,M3873,256,240
3874,M3874,256,240
3875,M3875,256,240
3876,M3876,256,240
3877,M3877,256,240
3878,M3878,256,240
3879,M3879,256,240
3880,M3880,256,480
3881,M3881,256,960
3882,M3882,256,240
3883,M3883,256,240
3884,M3884,256,120
3885,M3885,256,120
3886,M3886,256,240
3887,M3887,500,240
3888,M3888,256,240
3889,M3889,256,240
3890,M3890,256,240
3891,M3891,256,480
3892,M3892,256,240
3893,M3893,256,240
3894,M3894,256,240
3895,M3895,256,240
3896,M3896,256,240
3897,M3897,256,240
3898,M3898,256,240
3899,M3899,256,240
3900,M3900,256,120
3901,M3901,320,120
3902,M3902,256,240
3903,M3903,256,240
3904,M3904,256,120
3905,M3905,256,240
3906,M3906,256,240
3907,M3907,256,480
3908,M3908,256,240
3909,M3909,256,2000
3910,M3910,256,120
3911,M3911,256,120
3912,M3912,256,240
3913,M3913,256,480
3914,M3914,256,240
3915,M3915,256,240
3916,M3916,256,960
3917,M3917,256,2000
3918,M3918,256,240
3919,M3919,256,240
3920,M3920,256,480
3921,M3921,256,240
3922,M3922,256,240
3923,M3923,256,128
3924,M3924,256,4000
3925,M3925,256,240
3926,M3926,256,120
3927,M3927,256,240
3928,M3928,256,240
3929,M3929,256,240
3930,M3930,256,240
3931,M3931,256,240
3932,M3932,256,960
3933,M3933,256,240
3934,M3934,256,960
3935,M3935,256,240
3936,M3936,256,240
3937,M3937,256,240
3938,M3938,256,240
3939,M3939,256,240
3940,M3940,256,120
3941,M3941,256,240
3942,M3942,256,240
3943,M3943,256,240
3944,M3944,500,120
3945,M3945,256,120
3946,M3946,256,240
3947,M3947,256,240
3948,M3948,256,240
3949,M3949,256,240
3950,M3950,256,240
3951,M3951,256,240
3952,M3952,256,480
3953,M3953,256,240
3954,M3954,256,240
3955,M3955,256,240
3956,M3956,256,240
3957,M3957,256,240
3958,M3958,256,240
3959,M3959,256,240
3960,M3960,120,240
3961,M3961,256,240
3962,M3962,256,240
3963,M3963,256,240
3964,M3964,256,240
3965,M3965,256,240
3966,M3966,256,240
3967,M3967,256,240
3968,M3968,256,240
3969,M3969,256,240
3970,M3970,256,240
3971,M3971,256,240
3972,M3972,256,256
3973,M3973,16,16
3974,M3974,256,256
3975,M3975,256,1000
3976,M3976,256,256
3977,M3977,512,512
3978,M3978,64,64
3979,M3979,256,256
3980,M3980,256,240
3981,M3981,256,240
3982,M3982,128,128
3983,M3983,128,128
3984,M3984,256,128
3985,M3985,256,500
3986,M3986,256,240
3987,M3987,256,512
3988,M3988,512,512
3989,M3989,256,256
3990,M3990,512,512
3991,M3991,512,512
3992,M3992,1000,4000
3993,M3993,1000,1000
3994,M3994,500,500
3995,M3995,512,512
3996,M3996,750,240
3997,M3997,256,512
3998,M3998,256,512
3999,M3999,256,240
4000,M4000,256,120
4001,M4001,256,240
4002,M4002,256,256
4003,M4003,256,480
4004,M4004,256,240
4005,M4005,256,480
4006,M4006,256,1000
4007,M4007,256,240
4008,M4008,256,240
4009,M4009,250,120
4010,M4010,256,256
4011,M4011,256,256
4012,M4012,256,240
4013,M4013,256,240
4014,M4014,256,240
4015,M4015,500,240
4016,M4016,256,256
4017,M4017,256,240
4018,M4018,256,240
4019,M4019,256,240
4020,M4020,256,240
4021,M4021,256,240
4022,M4022,256,240
4023,M4023,256,240
4024,M4024,256,240
4025,M4025,256,240
4026,M4026,256,240
4027,M4027,256,2000
4028,M4028,256,240
4029,M4029,256,240
4030,M4030,256,240
4031,M4031,256,240
4032,M4032,256,240
4033,M4033,256,240
4034,M4034,256,240
4035,M4035,256,960
4036,M4036,256,240
4037,M4037,256,240
4038,M4038,256,240
4039,M4039,256,120
4040,M4040,256,240
4041,M4041,256,120
4042,M4042,256,240
4043,M4043,256,240
4044,M4044,256,240
4045,M4045,256,240
4046,M4046,256,240
4047,M4047,256,240
4048,M4048,256,240
4049,M4049,256,120
4050,M4050,256,240
4051,M4051,256,240
4052,M4052,256,240
4053,M4053,256,240
4054,M4054,256,240
4055,M4055,256,240
4056,M4056,256,240
4057,M4057,256,480
4058,M4058,256,120
4059,M4059,256,120
4060,M4060,256,240
4061,M4061,256,240
4062,M4062,256,240
4063,M4063,256,240
4064,M4064,256,120
4065,M4065,256,240
4066,M4066,256,960
4067,M4067,256,240
4068,M4068,256,240
4069,M4069,256,128
4070,M4070,256,240
4071,M4071,256,240
4072,M4072,256,240
4073,M4073,256,240
4074,M4074,256,240
4075,M4075,256,240
4076,M4076,256,240
4077,M4077,256,120
4078,M4078,256,240
4079,M4079,256,256
4080,M4080,256,240
4081,M4081,256,240
4082,M4082,256,240
4083,M4083,256,240
4084,M4084,256,240
4085,M4085,256,240
4086,M4086,256,240
4087,M4087,256,240
4088,M4088,256,240
4089,M4089,256,240
4090,M4090,256,240
4091,M4091,256,240
4092,M4092,256,240
4093,M4093,256,240
4094,M4094,256,240
4095,M4095,256,240
4096,M4096,256,1000
4097,M4097,256,240
4098,M4098,256,120
4099,M4099,256,240
4100,M4100,256,120
4101,M4101,160,240
4102,M4102,256,256
4103,M4103,256,240
4104,M4104,256,240
4105,M4105,256,240
4106,M4106,256,240
4107,M4107,256,240
4108,M4108,256,240
4109,M4109,256,240
4110,M4110,256,2000
4111,M4111,256,480
4112,M4112,256,240
4113,M4113,256,120
4114,M4114,256,120
4115,M4115,256,240
4116,M4116,256,240
4117,M4117,256,240
4118,M4118,256,240
4119,M4119,256,240
4120,M4120,256,240
4121,M4121,256,240
4122,M4122,256,256
4123,M4123,256,240
4124,M4124,256,240
4125,M4125,256,240
4126,M4126,256,120
4127,M4127,256,240
4128,M4128,64,64
4129,M4129,256,240
4130,M4130,512,512
4131,M4131,256,240
4132,M4132,256,500
4133,M4133,256,240
4134,M4134,256,240
4135,M4135,256,240
4136,M4136,256,240
4137,M4137,256,1000
4138,M4138,256,480
4139,M4139,256,240
4140,M4140,256,240
4141,M4141,256,240
4142,M4142,256,120
4143,M4143,256,240
4144,M4144,256,240
4145,M4145,256,240
4146,M4146,256,240
4147,M4147,256,240
4148,M4148,256,240
4149,M4149,256,480
4150,M4150,256,480
4151,M4151,256,240
4152,M4152,256,240
4153,M4153,256,240
4154,M4154,320,240
4155,M4155,256,240
4156,M4156,256,240
4157,M4157,256,240
4158,M4158,256,240
4159,M4159,256,240
4160,M4160,256,240
4161,M4161,256,240
4162,M4162,256,240
4163,M4163,256,240
4164,M4164,256,240
4165,M4165,256,240
4166,M4166,256,240
4167,M4167,256,240
4168,M4168,256,240
4169,M4169,256,240
4170,M4170,256,480
4171,M4171,256,240
4172,M4172,256,480
4173,M4173,256,240
4174,M4174,256,240
4175,M4175,256,120
4176,M4176,256,960
4177,M4177,256,240
4178,M4178,256,240
4179,M4179,256,120
4180,M4180,256,240
4181,M4181,256,240
