,Price,Width of the Display,Height of the Display,Hard Drive Capacity,SSD Capacity,Ram Size,Processor Speed
0,303.8,2160,1440,512,1,8,3.8
1,400,1920,1080,2,,,4.2
2,175,1920,1080,500,500,16,2.4
3,85,1366,768,16,,4,2.4
4,101.25,1366,768,,256,8,1.4
5,50,1366,768,,16,4,1.6
6,39.6,,,16,16,4,1.6
7,35,,,16,,2,1
8,280,1920,1080,512,500,16,2.8
9,125,1920,1080,,64,8,2.1
10,138,1920,1080,,128,16,1.7
11,430.5,,,,,,
12,70,1366,768,,32,4,1.1
13,152,1920,1080,256,256,8,2.8
14,244,2160,1440,512,512,8,3.8
15,170,1920,1080,128,128,8,
16,218,1920,1080,,512,16,1.6
17,130,1366,768,128,128,4,1.1
18,40,1366,768,16,16,4,1.6
19,393,1920,1080,2,,,4.2
20,625,2560,1600,1,1,32,4.4
21,315,1920,1080,,512,16,2.3
22,200,1920,1080,256,256,8,2.6
23,227.4,,,,,,
24,300,3000,2000,,512,16,1.6
25,60,2160,1440,128,128,4,1.9
26,45,1366,768,,16,4,1.1
27,439,1920,1080,2,2,32,o4.2
28,206.6,,,,,,
29,345,1920,1080,512,512,16,3.1
30,242,1920,1080,512,512,16,o3.4
31,420,1920,1080,2,,,4.2
32,73,1366,768,,128,,1.6
33,209,,,,512,16,2.5
34,150,1920,1080,256,256,8,o2.8
35,799,2560,1600,,512,16,3.5
36,100,,,256,256,8,1.9
37,219,1920,1080,512,512,16,o3.9
38,152.5,1366,768,,256,8,1.6
39,269.5,2256,1504,12,512,12,2.8
40,130,,,,256,16,
41,489,1920,1080,512,512,16,o4.5
42,120,1920,1080,8,,8,2.4
43,550,,,,512,16,
44,29.98,1366,768,16,16,16,2.16
45,145,,,,512,8,2.3
46,160,,,256,256,8,2.3
47,85,1366,768,16,16,4,
48,69.6,,,256,256,256,
49,70,1366,768,16,16,4,1.6
50,49,1366,768,16,16,4,1.6
51,130,1920,1080,256,256,8,2.6
52,135,,,,,,
53,81,1366,768,320,120,4,2.5
54,103.75,3000,2000,512,,1,2.6
55,200,1920,1080,,256,8,2.5
56,288,,,,512,,2.8
57,105,1920,1080,256,256,8,2.6
58,39.94,1366,768,16,16,4,1.6
59,90,1366,768,128,128,8,2.3
60,599,1920,1080,1,1,20,4.2
61,800,,,500,500,8,1.73
62,170,,,500,500,16,2.4
63,239,,,,512,16,2.7
64,169,1920,1080,,256,8,1.8
65,290,1920,1080,500,500,32,2.6
66,90,,,,,8,
67,105,,,180,,8,2.6
68,409,2736,1824,,256,8,2.4
69,200,1920,1080,256,256,8,2.4
70,55,1920,1200,,32,,2
71,225,1920,1200,12,512,12,2.8
72,659,1920,1080,,512,8,2.1
73,229,1920,1080,512,512,16,1.7
74,210,,,512,512,16,
75,180,2560,1440,512,512,16,2.6
76,675,2160,1440,,,16,2.4
77,125.94,1366,768,,240,8,2.4
78,90,1366,768,,128,4,2.2
79,271.8,,,,,,
80,999,,,,256,8,1.6
81,229,1920,1080,,256,16,1.7
82,293,1920,1080,256,256,8,1.8
83,185,1920,1080,,512,16,1.7
84,259,1366,768,256,256,8,2.1
85,115,,,,,,
86,41,1366,768,32,32,4,2.48
87,75,1366,768,,128,4,1.1
88,510,,,,256,16,
89,170,1366,768,128,128,4,1.1
90,59.8,,,,,,
91,44.75,1366,768,32,32,4,1.1
92,209,,,,,,
93,180,,,16,16,4,
94,220,1920,1080,500,500,16,2.6
95,260,1920,1080,512,512,16,1.9
96,59.4,,,,,,
97,306.8,,,,,,
98,73,,,,,,
99,389.8,1280,720,,480,,
100,107.44,,,,,,
101,1179,,,,,,
102,300,1366,768,,256,12,2
103,69,1280,800,,240,3,2
104,244.8,1366,768,,256,16,1.6
105,10.52,,,,,,
106,370,1920,1080,,256,8,1.6
107,270,1920,1200,,256,8,1.2
108,64.6,,,,,,
109,65.06,,,,,,
110,61.6,,,,,,
111,26.05,,,,,,
112,384.5,1280,720,,480,,2.6
113,13.02,,,,,,
114,24.25,,,,,,
115,470.5,1920,1080,,240,,2.8
116,90,1920,1080,128,128,4,1.1
117,420,,,256,256,8,
118,7.26,,,,,,
119,199,,,,128,8,1.2
120,200,2256,1504,256,256,8,2.5
121,390,1920,1080,256,256,8,2.4
122,582.5,,,,,,
123,42.3,,,,,,
124,405.5,1280,720,,240,,3
125,298.8,,,,,,
126,81.4,,,,,,
127,380,,,,,,
128,125,1280,800,160,,3,2
129,111.5,,,,,,
130,78.2,,,,,,
131,32.56,,,,,,
132,250,1920,1080,256,256,8,2.1
133,344.5,,,,,,
134,405.5,1280,720,,240,,3
135,140,1366,768,64,64,4,1.1
136,759,1920,1080,256,256,8,
137,1197,1920,1200,,512,16,1.7
138,400,,,,,,
139,96.56,,,,,,
140,26.16,,,,,,
141,425.5,,,,,,
142,461.8,1280,720,500,120,,3
143,216,,,,,,
144,487.5,1920,1080,,240,,2.8
145,449.2,,,,,,
146,487.2,,,,,,
147,530,,,,,,
148,354,,,,,,
149,859,,,,,,
150,1724,,,,,,
151,812,,,,,,
152,70.3,,,,,,
153,22.34,,,,,,
154,269.5,,,,,4,2.5
155,92.1,,,,,,
156,240.2,,,,,,
157,357,,,,,,
158,436,1280,720,,240,,3
159,144,1600,900,240,,4,2.5
160,430.2,1920,1080,,240,,2.8
161,276.5,,,,,,
162,165,,,,,,
163,323.8,1280,720,,120,,2.6
164,88.7,,,,,,
165,110.06,,,,,,
166,475.5,,,,,,
167,48.84,,,,,,
168,627,,,,,,
169,443.8,1920,1080,,240,,2.3
170,650.5,,,,,,
171,94.1,,,,,,
172,269.2,,,,,,
173,425.2,,,,,,
174,546.5,,,,,,
175,1752,,,,,,
176,2108,,,,,,
177,93.75,,,,,,
178,81.9,,,,,,
179,113.75,,,,,,
180,358.8,,,,,,
181,301.5,,,,,,
182,103.2,,,,,,
183,108.06,,,,,,
184,91.2,,,,,,
185,106.56,,,,,,
186,85.75,,,,,,
187,93.25,,,,,,
188,81.6,,,,,,
189,41.5,,,,,,
190,296.8,,,,,,
191,84.2,,,,,,
192,75,,,200,,4,2.7
193,166.2,,,,,,
194,456.8,1280,720,,120,,3
195,959,,,,,,
196,27.12,,,,,,
197,314.5,1280,720,,240,,2.6
198,400.2,,,,,8,2.3
199,214.8,1366,768,,240,8,1.6
200,708,,,,480,,3
201,326.2,,,,,,
202,329.8,1280,720,,256,,3
203,110,,,,,,
204,304.5,,,,,,
205,162.8,,,,,,
206,67.06,,,,,,
207,382,,,,,,
208,85.7,,,,,,
209,651.5,,,,,,
210,104.94,,,,,,
211,1703,,,,,,
212,127.75,,,,,,
213,1291,,,,,,
214,731.5,,,,,,
215,827,,,,,,
216,310.8,,,,,,
217,335.8,,,,,,
218,203,,,,,,
219,101,,,,,,
220,62.94,,,,,,
221,116.25,,,,,,
222,20.78,,,,,,
223,104.44,,,,,,
224,667.5,1280,720,,960,,
225,332,,,,,,
226,339.2,,,,,,
227,131.2,,,,,,
228,29.86,,,,,,
229,1132,,,,2,,
230,60.78,,,,,,
231,453.8,1280,720,,240,,2.4
232,70,,,,,,
233,354,,,,,,
234,571.5,,,,,,
235,283.2,1280,720,,240,,2.6
236,318.2,,,,,,
237,100.1,,,,,,
238,325.8,,,,,,
239,47,,,,,,
240,338.8,,,,,,
241,445.8,,,,,,
242,596.5,,,,,,
243,117.06,,,,,,
244,342.2,,,,,,
245,639,1280,720,,240,,
246,89.25,,,,,,
247,512,,,,,,
248,335.8,,,,,,
249,559.5,1280,720,,2,,2.7
250,352.5,1280,720,,240,,2.6
251,341.8,,,,,,
252,691.5,1920,1080,,960,,3
253,405.2,,,,,,
254,95,,,,,,
255,116.56,,,,,,
256,21.8,,,,,,
257,626,1920,1080,,240,,3
258,481.8,1280,720,,480,,3
259,389.8,1280,720,,240,,
260,516,,,,,,
261,85.06,,,,,,
262,500.5,,,,,,
263,462.2,,,,,,
264,28.8,,,,,,
265,491,,,,,,
266,392,1280,720,,480,,2.6
267,383.5,1280,720,,120,,3
268,568.5,1920,1080,,960,,2.3
269,573,1280,720,,960,,3
270,142.9,,,,,,
271,10.85,,,,,,
272,80.75,,,,,,
273,23.88,,,,,,
274,251.6,,,,,,
275,451.5,1280,720,,960,,2.6
276,80.5,,,,,,
277,478.5,,,,,,
278,766,,,,,,
279,221.2,1366,768,,,,
280,399,,,,,,
281,45.1,,,,,,
282,92.5,,,,,,
283,1463,1920,1080,,4,,2.8
284,373,,,,,,
285,416.2,1280,720,,480,,2.6
286,394.8,,,,,,
287,382,,,,,,
288,293.2,1280,720,,120,,2.6
289,783.5,,,,,,
290,727,,,,,,
291,699,1920,1080,2,2,64,4.4
292,391.5,,,,,,
293,411.5,,,,,,
294,229.6,,,,,,
295,199.9,,,,,,
296,542.5,,,,,,
297,548.5,,,,,,
298,655.5,,,,,,
299,464.5,1280,720,,120,,2.4
300,334.2,1280,720,,240,,2.6
301,112.2,,,,,,
302,114.5,,,,,,
303,123.2,,,,,,
304,457.2,,,,,,
305,89.6,,,,,,
306,58.56,,,,,,
307,130.4,,,,,,
308,318,,,,,,
309,88.25,,,,,,
310,103.25,,,,,,
311,2506,,,,,,
312,309.2,,,,,,
313,526,,,,,,
314,543.5,,,,,,
315,2288,,,,,,
316,377.8,1280,720,,240,,
317,382.5,,,,,,
318,307.2,1280,720,,120,,
319,86.1,,,,,,
320,1077,,,16,512,,
321,58.62,,,,,,
322,53.16,,,,,,
323,85.25,,,,,,
324,363.2,,,,,,
325,91.7,,,,,,
326,449.8,1920,1080,,960,,2.8
327,289,,,,,,
328,313.2,,,,,,
329,22.06,,,,,,
330,374.5,,,,,,
331,59.22,1024,576,,,,
332,272,1280,720,,120,,3
333,39.12,,,,,,
334,45.1,,,,,,
335,27.94,,,,,,
336,469,1280,720,,960,,3.1
337,200,,,,,,
338,107.6,,,,,,
339,652,1920,1080,,960,,2.8
340,422.5,1280,720,,480,,
341,79.4,,,,,,
342,27.58,,,,,,
343,235,,,256,256,,2.4
344,571.5,,,,,,
345,526.5,,,,,,
346,214.8,1366,768,,256,8,1.6
347,103.5,,,,,,
348,485.5,,,,,,
349,60.06,,,,,,
350,93.9,,,,,,
351,113.25,,,,,,
352,32.44,,,,,,
353,46.06,,,,,,
354,336.2,,,,,,
355,426,,,,,,
356,303.8,,,,,,
357,63.7,,,,,,
358,460,,,,,,
359,380,,,,,,
360,394,1280,720,,240,,3
361,75.94,,,,,,
362,203.8,,,,,,
363,81.6,,,,,,
364,85.25,,,,,,
365,319.5,1920,1080,,240,,3.1
366,3156,,,,,,
367,339.5,,,,,,
368,440.2,,,,,,
369,381.5,1280,720,,480,,3
370,314.5,1280,720,,240,,2.6
371,408.2,1280,720,,480,,2.6
372,91.3,,,,,,
373,481,,,,,,
374,222.9,,,,,,
375,128.5,,,,,,
376,408.5,,,,,,
377,488.8,,,,,,
378,28.98,,,,,,
379,94.4,,,,,,
380,125.94,,,,,,
381,361.8,,,,,,
382,130,,,,,,
383,2130,1920,1080,,120,,1.8
384,462.8,1280,720,,960,,2.6
385,105,,,,,,
386,2270,,,,,,
387,26.52,,,,,,
388,1701,1920,1080,,4,,4
389,477.8,1280,720,,960,,2.7
390,117.44,,,,,,
391,55.12,,,,,,
392,104.7,,,,,,
393,28.8,,,,,,
394,50.78,,,,,,
395,84.9,,,,,,
396,721,,,,,,
397,607,1920,1080,,256,,3.4
398,416.2,1280,720,,480,,2.3
399,737,,,,,,
400,90.06,1366,768,,,,
401,64,,,,,,
402,48.66,,,,,,
403,92.1,,,,,,
404,485.8,1280,720,,2,,3.1
405,462,1280,720,,480,,3
406,377.8,1280,720,,120,,
407,112.25,,,,,,
408,92.6,,,,,,
409,379,,,,,,
410,92.1,,,,,,
411,310.5,,,,,,
412,72.2,,,,,,
413,128.1,,,,,,
414,45.28,,,,,,
415,124.25,,,,,,
416,108.75,,,,,,
417,106.6,,,,,,
418,90.75,,,,,,
419,234,,,,,,
420,2080,,,,,,
421,2146,,,,,,
422,82.2,,,,,,
423,74.3,,,,,,
424,198.4,,,,,,
425,431.5,1280,720,,120,,3
426,570,,,,,,
427,458.8,1280,720,,960,,
428,123.06,,,,,,
429,89.9,,,,,,
430,114.9,,,,,,
431,275.8,,,,,,
432,377.8,1280,720,,256,,
433,70,,,,,,
434,52.84,,,,,,
435,197.2,,,,,,
436,411.5,,,,,,
437,362.5,1280,720,,240,,2.6
438,180,,,,256,8,2.4
439,58.62,,,,,,
440,310,,,,,,
441,119.06,,,,,,
442,126.25,,,,,,
443,21.7,,,,,,
444,100.4,,,,,,
445,142,,,,,,
446,567.5,1280,720,,240,,1.6
447,13.02,,,,,,
448,483,1280,720,,120,,
449,431.8,1280,720,,120,,3
450,489.8,,,,,,
451,8.68,,,,,,
452,1144,,,,,,
453,8.68,,,,,,
454,460,,,,,,
455,338.8,,,,,,
456,15.19,,,,,,
457,93.44,,,,,,
458,16.28,,,,,,
459,454.8,1280,720,,480,,3
460,92,,,,,,
461,15.19,,,,,,
462,75.75,,,,,,
463,415.2,,,,,,
464,13.02,,,,,,
465,140,,,,,,
466,204.1,,,,,,
467,215.1,,,,,,
468,105.5,,,,,,
469,318.5,1280,720,,256,,3
470,176.6,,,,,,
471,10.85,,,,,,
472,326.2,,,,,,
473,195.4,,,,,,
474,91.9,,,,,,
475,59.25,,,,,,
476,74.56,,,,,,
477,94,,,,,,
478,82.44,,,,,,
479,130.8,,,,,,
480,311.5,,,,,,
481,310,,,,,,
482,2130,,,,,,
483,2096,,,,,,
484,86.2,,,,,,
485,192,1920,1080,8,256,8,1.2
486,390,,,,512,8,2.8
487,54,,,16,16,4,1.6
488,370,1920,1080,1,1,32,1.9
489,150,1920,1080,,256,16,1.6
490,444.5,1920,1080,512,512,12,4.4
491,270,,,,256,16,2.4
492,349.5,1920,1200,128,128,8,1.8
493,270,1920,1080,,128,4,
494,136,,,80,,4,
495,99.94,,,,,8,1.7
496,530,,,,256,16,2.4
497,655,,,512,512,,2.2
498,198,1920,1080,256,256,16,1.6
499,88,,,128,128,4,1.6
500,120,,,256,256,,1.6
501,60,,,,,,2.3
502,163,,,,,,
503,699,2256,1504,,256,16,
504,444.2,1600,900,256,256,12,3.5
505,235,1920,1080,,512,16,2.7
506,29.98,1366,768,300,,4,2.5
507,685,,,,1,16,2.6
508,118,1920,1080,,,,
509,300,1280,800,128,128,8,1.6
510,450,3840,2160,,512,16,2.8
511,259.8,2256,1504,256,256,8,1.5
512,172,1920,1080,256,256,8,1.9
513,422,1920,1080,,256,16,2.6
514,220,1920,1080,,128,8,1.3
515,268,,,,512,16,2.4
516,400,1920,1080,1,1,32,
517,300,2560,1600,,128,8,
518,187.8,1600,900,,256,16,2.9
519,100,,,,,,
520,289.5,1920,1080,256,256,8,3
521,178,2160,1440,8,256,8,
522,208.8,,,,16,,
523,130,,,256,256,8,2.4
524,400,1920,1080,512,512,16,1.7
525,226.8,1366,768,,,,
526,725,,,,256,16,3.3
527,400,1920,1080,1,1,24,1.8
528,139,,,,256,8,1.7
529,450,1920,1080,,256,16,2.6
530,155,1920,1080,,256,16,1.9
531,145.1,,,,,,
532,358.5,,,,,,
533,111.25,,,,,,
534,459,,,,,,
535,64,,,,,,
536,392,1280,720,,480,,2.6
537,81.4,,,,,,
538,603.5,1920,1080,,960,,3
539,283.5,,,,,,
540,545,,,,,,
541,43.5,,,,,,
542,104.94,,,,,,
543,637,,,,,,
544,476.8,,,,,,
545,591,,,,,,
546,366.8,,,,,,
547,166.9,,,,,,
548,88.7,,,,,,
549,852,,,,,,
550,465.5,1920,1080,,960,,
551,485.5,,,,,,
552,626,1920,1080,,120,,3
553,690.5,,,,,,
554,465.2,1920,1080,,480,,2.3
555,1701,1920,1080,,4,,2.8
556,59.84,,,,,,
557,303.8,1280,720,,120,,2.6
558,317.8,,,,,,
559,92.56,,,,,,
560,5.43,,,,,,
561,105.6,,,,,,
562,129.1,,,,,,
563,41.97,,,,,,
564,91.44,,,,,,
565,92.06,,,,,,
566,54.8,,,,,,
567,70.1,,,,,,
568,93.44,,,,,,
569,93.9,,,,,,
570,279,2560,1440,1,1,16,2.6
571,127.75,,,,,,
572,58.47,,,,,,
573,350.2,1280,720,,240,,
574,449.8,,,,,,
575,95.56,,,,,,
576,94,1600,900,,,,
577,1909,,,,,,
578,9.77,,,,,,
579,745.5,,,,,,
580,429.2,1280,720,,480,,2.7
581,149.8,,,,,,
582,113.75,,,,,,
583,1882,,,,,,
584,41.75,,,,,,
585,21.69,,,,,,
586,419,,,,,,
587,303.8,,,,,,
588,302.8,1280,720,,240,,
589,366.8,,,,,,
590,414.8,1920,1080,,120,,2.3
591,471.8,1280,720,,480,,
592,348.5,,,,,,
593,477.8,1280,720,,960,,2.7
594,300.8,,,,,,
595,58.72,,,,,,
596,105.75,,,,,,
597,65.25,,,,,,
598,57.88,,,,,,
599,9.77,,,,,,
600,94.4,,,,,,
601,75.94,,,,,,
602,82.25,,,,,,
603,356.2,1920,1080,,480,,1.99
604,319.5,1920,1080,,240,,3.1
605,97.5,,,,,,
606,75.94,,,,,,
607,10.85,,,,,,
608,115.94,,,,,,
609,31.44,,,,,,
610,351.5,,,,,,
611,434.2,1920,1080,,960,,2.8
612,434.5,1280,720,,240,,4
613,44.97,,,,,,
614,76.9,,,,,,
615,110.8,,,,,,
616,2724,1920,1080,,4,,1.8
617,59.22,,,,,,
618,488.8,,,,,,
619,127.56,,,,,,
620,323.2,1280,720,,120,,2.3
621,125,,,,,,
622,530,,,1,1,16,2.6
623,430.5,1280,720,,360,,
624,70.3,,,,,,
625,60.97,,,,,,
626,66.3,,,,,,
627,942.5,1280,720,,120,,2.9
628,267,,,,,,
629,32.56,,,,,,
630,272.2,,,,,,
631,109.2,,,,,,
632,39.38,,,,,,
633,464.5,1280,720,,960,,2.6
634,102.8,,,,,,
635,81.06,,,,,,
636,70.5,,,,,,
637,91.9,,,,,,
638,21.8,,,,,,
639,63.28,,,,,,
640,715,,,,,,
641,112.44,,,,,,
642,50.47,,,,16,4,
643,137.4,,,,,,
644,375.8,,,,,,
645,430.5,1280,720,,240,,3
646,91.3,,,,,,
647,510.8,,,,,,
648,90.9,1366,768,,,,
649,347.2,,,,,,
650,22.06,,,,,,
651,16.36,,,,,,
652,285,,,,,,
653,423.2,,,,,,
654,384.2,1280,720,,240,,2.3
655,597.5,1280,720,,240,,1.6
656,434.2,1920,1080,,960,,2.8
657,236.5,,,,,,
658,48.28,,,,,,
659,242.2,,,,,,
660,954.5,,,,,,
661,196.9,,,,,,
662,2658,,,,,,
663,105.44,,,,,,
664,352,,,,,,
665,470.2,1280,720,,240,,1.99
666,636.5,1280,720,,960,,
667,124.3,,,,,,
668,827.5,,,,,,
669,278.8,,,,,,
670,92.06,,,,,,
671,95,,,,,,
672,1090,,,,,,
673,532,1280,720,,2,,2.6
674,283,1280,720,,240,,3.1
675,116.25,,,,,,
676,293.2,1280,720,,120,,2.6
677,91.44,,,,,,
678,427.2,1280,720,,120,,3
679,10.85,,,,,,
680,47.1,,,,,,
681,58.97,,,,,,
682,91.9,,,,,,
683,329.2,,,,,,
684,103.06,,,,,,
685,70.5,,,,,,
686,106.94,,,,,,
687,90.1,,,,,,
688,361.5,,,,,,
689,120.75,,,,,,
690,105.9,,,,,,
691,319,,,,,,
692,329.5,1920,1080,,256,16,2.8
693,729.5,1920,1080,,256,,4
694,78.25,,,,,,
695,130.8,,,,,,
696,2144,1920,1080,,240,,1.8
697,31.27,,,,,,
698,417.8,,,,,,
699,360.8,,,,,,
700,377.8,1280,720,,240,,
701,19.81,,,,,,
702,684,1280,720,,2,,3
703,294.5,,,,,,
704,326.2,1920,1080,,128,,2.3
705,87.7,,,,,,
706,462.8,1280,720,,480,,2.4
707,554.5,1280,720,,2,,
708,128,,,,,,
709,1028,,,,,,
710,99.44,,,,,,
711,532,1280,720,,2,,2.6
712,423,1280,720,,120,,2.4
713,738,1920,1080,,960,,2.2
714,8.68,,,,,,
715,303.8,1280,720,,240,,2.6
716,26.52,,,,,,
717,422.8,,,,,,
718,441.2,,,160,,,2.26
719,433,1280,720,,960,,2.6
720,120.5,,,,,,
721,13.02,,,,,,
722,351.2,,,,,,
723,383.5,1280,720,,120,,3
724,413.8,,,,,,
725,283,1280,720,,240,,3.1
726,270.2,1280,720,,120,,3.1
727,50.03,,,,,,
728,289.8,,,,,,
729,475.5,,,,,,
730,90.5,,,,,,
731,70.6,,,,,,
732,70.56,,,,,,
733,387,1920,1080,,120,,1.99
734,368,,,,,,
735,656.5,,,,,,
736,27.48,,,,,,
737,67.2,,,,,,
738,108.06,,,,,,
739,164,,,,,,
740,488.2,1280,720,,240,,
741,42.3,,,,,,
742,27.58,,,,,,
743,124.25,,,,,,
744,449.8,1920,1080,,960,,2.8
745,76.5,,,,,,
746,109.9,1366,768,,,,
747,382.5,1280,720,,240,,2.6
748,74.9,,,,,,
749,416.2,1280,720,,480,,2.6
750,116.5,,,,,,
751,321.2,1280,720,,240,,2.6
752,96.56,,,,,,
753,456,1920,1080,,960,,
754,274,,,,,,
755,683,,,,,,
756,647.5,1280,720,,960,,3
757,97.3,,,,,,
758,550,,,,240,,3
759,134.9,,,,,,
760,196.5,,,,,,
761,478.5,1280,720,,240,,
762,74.6,,,,,,
763,10.85,,,,,,
764,314,,,,,,
765,283.8,,,,,,
766,47.47,,,,,,
767,510,1280,720,,120,,3
768,406,,,,,,
769,238.4,,,,,,
770,355.2,1280,720,,256,,
771,163.1,,,,,,
772,576.5,,,,480,,3
773,588,,,,,,
774,64.6,,,,,,
775,141.9,,,,,,
776,493.5,1280,720,,240,,
777,99.75,,,,,,
778,51.06,,,,,,
779,70.6,,,,,,
780,352.5,1280,720,,240,,2.6
781,369.5,,,,,,
782,290.5,1280,720,,240,,3
783,81.44,,,,,,
784,488,,,,,,
785,260,1920,1080,,256,32,2.7
786,40,,,16,16,4,1.6
787,200,,,,128,16,1.8
788,2372,,,1,1,32,
789,300,1920,1080,128,128,4,1.6
790,2378,1920,1080,1,1,32,
791,270,1920,1080,,256,8,3
792,450,3840,2160,,512,16,2.8
793,190,,,500,,12,
794,350,1920,1080,512,512,16,
795,180,1920,1280,512,512,8,2.4
796,400,1920,1080,,,32,2.6
797,87.1,,,1,,8,2.5
798,45,1366,768,16,16,16,2.16
799,89,1280,800,160,,2,2.26
800,124,1920,1080,,64,8,
801,599,1920,1080,1,1,16,2.4
802,75,,,,240,8,
803,599,,,512,512,16,
804,65,,,4,64,4,1.1
805,70,,,750,,6,2.5
806,48,,,16,,4,2
807,525,1920,1080,512,512,64,2.6
808,44,1366,768,32,32,4,1.1
809,439,,,,512,16,2.4
810,589,2560,1600,,512,16,2.9
811,370,1920,1080,512,512,8,2.4
812,375,,,,,,
813,139,1368,788,,0,16,1.6
814,136,,,,,,
815,350,1920,1080,,256,8,2.1
816,51,1366,768,16,16,4,1.6
817,100,,,,,,
818,1149,1920,1080,1,1,16,2.4
819,384.8,,,,,8,1.5
820,159.8,,,256,256,16,3
821,100,1366,768,16,16,4,1.1
822,158,,,,,,
823,402.2,,,,,,
824,195.4,,,,,,
825,117,,,,,,
826,527,1280,720,,480,,2.4
827,577.5,,,,,,
828,335.5,1280,720,,480,,3
829,97.75,,,,,,
830,539,1280,720,,2,,2.7
831,41.88,,,,,,
832,420.5,1280,720,,240,,3
833,520.5,1920,1080,,960,,2.8
834,97.2,1366,768,,,8,2.4
835,74.75,,,,,,
836,1090,,,,,,
837,111.4,,,,,,
838,341,1280,720,,240,,
839,127.75,,,,,,
840,2146,,,,,,
841,97.2,1366,768,,,4,2.3
842,128.6,,,,,,
843,510.2,,,,,,
844,117,,,,,,
845,442.2,,,160,,,2.26
846,463.2,1280,720,,120,,
847,131.9,,,,,,
848,580,1920,1080,,120,,3
849,405,1280,720,,128,,3
850,100.3,,,,,,
851,128.6,,,,,,
852,80.5,,,,,,
853,673.5,1280,720,,960,,3
854,159.2,,,,,,
855,92.94,,,,,,
856,36.9,,,,,,
857,508.5,1280,720,,480,,3
858,316.2,,,,,,
859,10.85,,,,,,
860,18.11,,,,,,
861,120.3,1366,768,500,,8,1.9
862,422.8,1920,1080,,240,,2.3
863,323.2,1280,720,,120,,2.3
864,1044,2256,1504,,256,,3
865,361.2,,,,,,
866,808.5,,,,,,
867,91,,,,,,
868,129,,,,,,
869,69.6,,,,,,
870,319,,,,,,
871,21.7,,,,,,
872,291.2,,,,,,
873,103.44,,,,,,
874,92.5,,,,,,
875,91.44,,,,,,
876,366.8,1280,720,,240,,2.7
877,395,,,,,,
878,134.6,,,,,,
879,375.8,,,,,,
880,197.2,,,,,,
881,339,,,,,,
882,371,1280,720,,480,,3.1
883,733,1280,720,,2,,3
884,565,1280,720,,480,,1.6
885,69.44,,,,,,
886,92,,,,,,
887,296.2,1280,720,,120,,
888,109.25,,,,,,
889,604.5,1280,720,,480,,
890,3098,1920,1080,,960,,2.4
891,116.06,,,,,,
892,46.53,,,,,,
893,1128,,,,,,
894,2182,1920,1080,,480,,1.99
895,94.9,,,,,,
896,111.94,,,,,,
897,2574,1920,1080,,960,,2.4
898,105,,,,,,
899,376.2,,,,,,
900,1121,1280,720,,960,,
901,52.75,,,,,,
902,135.4,,,,,,
903,510,,,,,,
904,133.2,,,,,,
905,369.5,,,,,,
906,364,,,,,,
907,107.8,,,,,,
908,209.8,,,,,,
909,127.8,,,,,,
910,129.8,,,,,,
911,21.88,,,,,,
912,327,,,,,,
913,419.2,,,,,,
914,332.2,1280,720,,240,,2.3
915,87,,,,,,
916,37.88,,,,,,
917,293,1280,720,,240,,2.6
918,285.2,,,,,,
919,113,,,,,,
920,137.9,,,,,,
921,536.5,,,,,,
922,540.5,,,,,,
923,44.8,,,,,,
924,107,,,,,,
925,60.84,,,,,,
926,104.75,,,,,,
927,346.5,1280,720,,120,,2.6
928,334.8,,,,,,
929,405.2,1280,720,,480,,
930,91.56,,,,,,
931,113.9,,,,,,
932,112.3,,,,,,
933,334.8,1280,720,,120,,2.7
934,340.2,,,,,,
935,450.2,,,,,,
936,1737,,,,,,
937,263.8,,,,,,
938,469.5,1280,720,,120,,3
939,410.8,1280,720,,960,,3
940,95.4,,,,,,
941,411,,,,,,
942,322,1280,720,,256,,3
943,420.8,1920,1080,400,128,,
944,92.5,,,,,,
945,665,2048,1080,,240,,
946,77.06,,,,,,
947,588.5,1280,720,,960,,
948,827,,,,,,
949,1047,1280,720,,960,,2.9
950,190.6,,,,,,
951,815,1920,1080,,2,,2.8
952,134.5,,,,,,
953,320.2,1280,720,,240,,2.6
954,182.6,,,,,,
955,772,,,,,,
956,577.5,,,,,,
957,507.8,,,,,,
958,526.5,,,,,,
959,490,1280,720,,240,,
960,377.8,1280,720,,256,,
961,411.5,,,,,,
962,841.5,1920,1080,,960,,3
963,29.3,,,,,,
964,374.8,,,,,,
965,92.6,,,,,,
966,141.9,,,,,,
967,646.5,,,,,,
968,472.5,,,,,,
969,91,,,,,,
970,70.5,,,,,,
971,362.5,1280,720,,240,,2.6
972,103.25,,,,,,
973,2326,1920,1080,,2,,1.99
974,160.4,,,,,,
975,10.9,,,,,,
976,489,1920,1080,,240,,2.4
977,275.5,,,,,,
978,432.5,1280,720,,480,,
979,456.2,,,,,,
980,103.56,,,,,,
981,335.8,1280,720,,240,,2.6
982,164.4,,,,,,
983,91.9,,,,,,
984,91.3,,,,,,
985,424.8,1920,1080,,120,,2.8
986,316,,,,,,
987,423.5,1920,1080,,240,,2.8
988,234,,,,,,
989,753.5,,,,,,
990,2096,,,,,,
991,377.8,1920,1080,,256,,
992,419.8,1280,720,,240,,3
993,401,1280,720,,120,,
994,320.2,1280,720,,240,,2.6
995,371,,,,,,
996,442.5,1920,1080,,240,,2.3
997,365,,,,,,
998,97.06,,,,,,
999,101.9,,,,,,
1000,112.8,,,,,,
1001,95.25,,,,,,
1002,508.5,1280,720,,480,,3
1003,67.3,,,,,,
1004,33.5,,,,,,
1005,78.9,,,,,,
1006,422.8,1920,1080,,240,,2.3
1007,125.06,,,,,,
1008,232.2,,,,,,
1009,215.9,,,,,,
1010,457.2,,,,,,
1011,128.5,,,,,,
1012,640.5,,,,,,
1013,45.28,,,,,,
1014,21.7,,,,,,
1015,127.94,,,,,,
1016,236,,,,,,
1017,511.5,,,,,,
1018,510,1280,720,,240,,3
1019,279,,,,,,
1020,3356,,,,,,
1021,1019.5,,,,,,
1022,81.2,,,,,,
1023,110.8,,,,,,
1024,2680,,,,,,
1025,1363,1920,1080,,4,,1.99
1026,2326,1920,1080,,960,,1.8
1027,106.25,,,500,,8,2.3
1028,131,,,,,,
1029,60.84,,,,,,
1030,182.6,1600,900,500,,,
1031,117.3,,,,,,
1032,99.5,,,,,,
1033,22.22,,,,,,
1034,302.2,,,,,,
1035,340.8,1920,1080,,240,,2.8
1036,91.7,,,,,,
1037,162.6,,,,,,
1038,59.4,,,,,,
1039,322,,,,,,
1040,539,1280,720,,2,,2.7
1041,95.94,,,,,,
1042,373.8,1280,720,,240,,
1043,124.1,,,,,,
1044,97.5,,,,,,
1045,84.1,,,,,,
1046,67.06,,,,,,
1047,330.5,,,,,,
1048,711,,,,,,
1049,35.2,,,,,,
1050,341.8,,,,,,
1051,90.2,,,,,,
1052,28.44,,,,,,
1053,92.7,,,,,,
1054,50.75,,,,,,
1055,470.5,1920,1080,,240,,2.8
1056,280,1280,720,,240,,3
1057,262.2,,,,,,
1058,650.5,1920,1080,,960,,1.49
1059,568,,,,,,
1060,99,,,,,,
1061,863.5,,,,,,
1062,331,1280,720,,240,,2.6
1063,232.1,,,,,,
1064,266.2,,,,,,
1065,47.1,,,,,,
1066,425.2,,,,,,
1067,81.6,,,,,,
1068,932.5,,,,,,
1069,135.8,,,,,,
1070,1002.5,,,,,,
1071,533.5,1280,720,,240,,3
1072,303.8,1280,720,,240,,2.6
1073,273.5,,,,,,
1074,245.5,,,,,,
1075,743,,,,960,,
1076,280.2,,,,,4,2.5
1077,724.5,,,,,,
1078,151.9,,,,,,
1079,463.5,,,,,,
1080,391.5,,,,,,
1081,264.2,,,,,,
1082,93,,,,,,
1083,726,1920,1080,,960,,
1084,59.28,,,,,,
1085,90.06,,,,,,
1086,413.2,,,,,,
1087,571.5,,,,,,
1088,921,,,,,,
1089,531,,,,,,
1090,432.2,,,,,,
1091,134.5,,,,,,
1092,442,1280,720,,960,,2.7
1093,2280,1920,1080,,,,1.6
1094,1014.5,1280,720,,120,,
1095,602,1920,1080,,240,,
1096,414.8,,,,,,
1097,60.84,,,,,,
1098,124.9,,,,,,
1099,372.5,,,,,,
1100,315.2,,,,,,
1101,751,1920,1080,,240,,
1102,542,,,,,,
1103,517,,,,,,
1104,607,,,,,,
1105,465.5,1280,720,,240,,1.99
1106,772.5,1920,1080,,480,,
1107,168.1,,,,,,
1108,462.8,1280,720,,960,,2.6
1109,856.5,,,,,,
1110,805.5,,,,,,
1111,525,,,,,,
1112,401.8,1920,1080,,240,,2.8
1113,465.5,1280,720,,240,,1.99
1114,328.8,,,,,,
1115,89.8,,,,,,
1116,112.3,,,,,,
1117,127.8,,,,,,
1118,42.2,,,,,,
1119,444.5,1920,1080,,240,,2.8
1120,93.94,,,,,,
1121,656.5,1920,1080,,2,,2.8
1122,334,,,,,,
1123,205.1,,,,,,
1124,141.5,,,,,,
1125,707.5,1280,720,,2,,2.3
1126,336.2,,,,,,
1127,129.6,1366,768,,256,8,2.4
1128,58.97,,,,,,
1129,334.5,1280,720,,120,,
1130,94,,,,,,
1131,323,1280,720,,240,,
1132,280,1280,720,,240,,3
1133,119.06,,,,,,
1134,22,,,,,,
1135,90.44,,,,,,
1136,499,1280,720,,2,,2.6
1137,87.56,,,,,,
1138,49.62,,,,,,
1139,82.2,,,,,,
1140,69.25,,,,,,
1141,463.2,1920,1080,,480,,2.3
1142,95.3,,,,,,
1143,427.2,1280,720,,120,,1.99
1144,104.6,,,,,,
1145,264.2,,,,,,
1146,75.2,,,,,,
1147,205.2,,,,,,
1148,61.12,,,,,,
1149,451.5,1920,1080,,240,,2.8
1150,339.8,1280,720,,240,,
1151,27.77,,,,,,
1152,329.8,,,,,,
1153,469,1280,720,,960,,3.1
1154,206.1,,,,,,
1155,258.2,,,,,,
1156,444.5,1920,1080,,240,,2.8
1157,636.5,1920,1080,,240,,3
1158,226.9,,,,,,
1159,628,,,,,,
1160,584.5,,,,,,
1161,157.2,,,,,,
1162,105,,,,,,
1163,341.5,,,,,,
1164,523.5,,,,,,
1165,475.8,,,,,,
1166,50.78,1024,600,,,,
1167,462.8,1280,720,,120,,
1168,335.8,1280,720,,240,,2.6
1169,541,,,,,,
1170,473.8,1280,720,,480,,3
1171,100,,,,,,
1172,69.75,,,,,,
1173,303.8,,,,,,
1174,463.5,,,,,,
1175,818,,,,,,
1176,433.5,1280,720,,120,,1.99
1177,437.2,1280,720,,960,,3
1178,424.8,1920,1080,,120,,2.8
1179,93.44,,,,,,
1180,423.5,1920,1080,,240,,2.8
1181,355,,,,,,
1182,132.8,,,,,,
1183,133.1,,,,,,
1184,74.56,,,,,,
1185,454,1920,1080,,120,,3
1186,131.6,,,,,,
1187,109.9,,,,,,
1188,71.25,,,,,,
1189,427,1280,720,,240,,3
1190,405.2,,,,,,
1191,564.5,1280,720,,960,,3
1192,86.3,,,,,,
1193,346.2,,,,,,
1194,397.8,1280,720,,240,,3
1195,71.44,,,,,,
1196,127.8,,,,,,
1197,345.2,1280,720,,240,,2.7
1198,422.8,1920,1080,,240,,2.8
1199,72,,,,,,
1200,591,,,,,,
1201,86.75,,,,,,
1202,445.8,,,,,,
1203,633,,,,,,
1204,314.8,,,,,,
1205,278.8,,,,,,
1206,519.5,1920,1080,,240,,3
1207,396,,,,,,
1208,552.5,,,,,,
1209,10.85,,,,,,
1210,412,1280,720,,480,,2.3
1211,458.8,,,,,,
1212,497.2,1280,720,,480,,1.99
1213,321.2,1280,720,,120,,2.6
1214,512.5,,,,,,
1215,458,1280,720,,240,,3
1216,462.8,1366,768,500,500,,2.5
1217,378.5,1280,720,,256,,
1218,378.5,,,,,,
1219,466.8,,,,,,
1220,204.5,,,,,,
1221,379.2,1280,720,,240,,2.6
1222,487.2,,,,,,
1223,538.5,1920,1080,,120,,1.49
1224,2326,1920,1080,,2,,1.8
1225,571.5,,,,,,
1226,90.75,,,,,,
1227,453.8,1600,900,128,128,8,2.1
1228,453.8,,,,,,
1229,590,1280,720,,960,,3
1230,110,1920,1080,,128,4,2.3
1231,458,1280,720,,240,,3
1232,284.8,1920,1080,,256,,2.4
1233,265.8,,,,,,
1234,317.8,,,,,,
1235,110,,,,,,
1236,578,,,,120,,3
1237,619,,,,480,,3
1238,121.6,,,,,,
1239,78.1,,,,,,
1240,282.5,,,,,,
1241,299.8,1920,1080,250,,8,2.4
1242,377.2,1280,720,,240,,2.6
1243,414.2,1280,720,,480,,2.6
1244,534,1280,720,,480,,3
1245,200,1920,1080,512,512,8,2.4
1246,775.5,1280,720,,2,,
1247,11.94,,,,,,
1248,216,,,,,,
1249,123.5,,,,,,
1250,442.8,1280,720,,240,,1.99
1251,519,1920,1080,,120,,
1252,112.44,,,,,,
1253,92.6,,,,,,
1254,304.5,,,,,,
1255,282.8,1280,720,,240,,2.6
1256,92.9,,,,,,
1257,494.2,1280,720,,960,,2.7
1258,21.88,,,,,,
1259,140.2,,,,,,
1260,163.5,,,,,,
1261,624,1920,1080,,240,,
1262,473.8,,,,,,
1263,470.5,,,,,,
1264,358.5,1280,720,,256,,
1265,281.2,1280,720,,240,,2.6
1266,57.88,,,,,,
1267,319,,,,,,
1268,64.9,,,,,,
1269,565,1920,1080,,240,,1.49
1270,1717,,,,,,
1271,960,,,,,,
1272,21.64,,,,,,
1273,996.5,,,,,,
1274,390,1280,720,,240,,
1275,389,,,,,,
1276,307,,,,,,
1277,396.8,1920,1080,,120,,2.8
1278,95.56,,,,,,
1279,188.8,1920,1080,256,256,8,2.4
1280,114.5,,,,,,
1281,242.5,,,,,,
1282,650.5,,,,,,
1283,324.5,,,,,,
1284,1758,,,,,,
1285,394.8,,,,,,
1286,161.9,,,,,,
1287,461.8,,,,,,
1288,506.8,,,,,,
1289,80,1366,768,500,500,4,1.9
1290,60,1920,1080,32,32,4,
1291,47,1366,768,16,16,4,2.5
1292,107.56,,,64,,,
1293,100,1024,768,500,,4,2.5
1294,99.94,,,256,256,8,2.4
1295,450,1366,768,32,32,4,1.6
1296,175,2256,1504,128,128,8,1.2
1297,593,,,,512,32,2.6
1298,140,1366,768,500,,16,1.6
1299,69.6,,,256,256,256,
1300,335,1920,1080,512,512,32,1.9
1301,79,,,250,250,4,2.3
1302,39.97,,,,,,
1303,49,1366,768,1,16,4,2.4
1304,73,,,500,500,8,2.1
1305,149,1280,800,,128,4,2
1306,2378,1920,1080,1,1,32,
1307,22.55,,,,,,
1308,500,1920,1080,256,256,16,2.3
1309,70,,,750,,6,2.5
1310,990,2560,1600,,1,16,2.9
1311,230,2256,1504,16,128,16,1.8
1312,118.1,2160,1440,,128,4,2.3
1313,320,1920,1080,512,512,16,1
1314,75,,,500,500,4,
1315,100,,,,128,4,
1316,75,,,320,,4,1.6
1317,164.5,1920,1080,120,120,8,1.8
1318,350,1920,1080,,512,16,1.9
1319,399,1920,1080,512,512,16,2.7
1320,100,1366,768,500,500,8,2.5
1321,200,1920,1080,64,64,8,1.7
1322,115,1366,768,256,256,8,2.3
1323,399,1920,1080,512,512,32,1.7
1324,93,2256,1504,128,128,8,2.6
1325,16.3,,,,,,
1326,180,1920,1080,,256,8,2.4
1327,70,,,,,4,1.6
1328,725,,,,256,16,1.3
1329,29.89,,,16,16,4,1.6
1330,38,1366,768,16,,4,1.6
1331,184.1,,,,256,8,2.7
1332,157.8,,,500,500,16,2.6
1333,396,,,,,,
1334,74.3,,,,,,
1335,74.44,,,,,,
1336,109.9,,,,,,
1337,574.5,,,,,,
1338,89.8,,,,,,
1339,135.5,,,,,,
1340,22.22,,,,,,
1341,20.44,,,,,,
1342,204.5,,,,,,
1343,376,1920,1080,,480,,2.8
1344,104.7,,,,,,
1345,93.9,,,,,,
1346,433,1280,720,,960,,2.6
1347,254.2,,,,,,
1348,59.2,,,,,,
1349,184.5,,,,,,
1350,225,1920,1080,256,256,8,2.9
1351,419.5,1280,720,,128,,3
1352,334,1280,720,,240,,2.6
1353,56.56,,,,,,
1354,105.44,,,,,,
1355,114.5,,,,,,
1356,101.94,,,,,,
1357,91.9,,,,,,
1358,314.5,1280,720,,240,,2.6
1359,107.6,,,,,,
1360,2680,,,,,,
1361,89.8,,,,,,
1362,462.8,1280,720,,960,,2.6
1363,85.4,,,,,,
1364,414.8,1920,1080,,120,,2.3
1365,1533,,,,,,
1366,770.5,1920,1080,,240,,2.8
1367,580.5,1920,1080,,480,,2.8
1368,339.5,1280,720,,120,,
1369,82.8,,,,,,
1370,247.4,,,,,,
1371,548.5,,,,,,
1372,494.8,,,,,,
1373,511.2,,,,,,
1374,227.8,,,,,,
1375,511.8,1920,1080,,480,,2.3
1376,113.6,,,,,,
1377,375.8,,,,,,
1378,483,1280,720,,120,,
1379,43.25,,,,,,
1380,778.5,,,,,,
1381,440.2,,,,,,
1382,429,,,,,,
1383,444.2,1280,720,,960,,2.6
1384,537.5,,,,,,
1385,115.7,,,,,,
1386,572,,,,120,,3
1387,571,,,,480,,3
1388,777.5,,,,,,
1389,377.2,1280,720,,240,,2.6
1390,589,,,,,,
1391,225,1920,1080,512,512,12,2.5
1392,274.5,,,,,,
1393,442.8,1280,720,,120,,
1394,514.5,,,,,,
1395,21.88,,,,,,
1396,536.5,,,,,,
1397,829.5,1920,1080,,2,,1.49
1398,739.5,,,,,,
1399,158.6,,,,,,
1400,370.5,1920,1080,,120,,
1401,842.5,,,,,,
1402,203,,,,,,
1403,968,,,,,,
1404,203.1,,,,,,
1405,1093,,,,,,
1406,114.5,1366,768,,,,
1407,545,1280,720,,2,,2.7
1408,198.6,,,,,,
1409,339,,,,,,
1410,360.5,,,,,,
1411,593,,,,,,
1412,303.8,,,,,,
1413,613.5,,,,240,,
1414,406,1280,720,,120,,3
1415,371.8,,,,,,
1416,559,,,,,,
1417,766.5,,,,,,
1418,313.8,1280,720,,240,,2.6
1419,451.5,1920,1080,,240,,2.8
1420,335.8,,,,,,
1421,463.5,,,,,,
1422,641.5,1280,720,,960,,3
1423,436,1280,720,,240,,3
1424,633,,,,,,
1425,117.06,,,,,,
1426,580.5,1920,1080,,480,,1.49
1427,645.5,,,,,,
1428,1666,,,,,,
1429,820.5,,,,,,
1430,845.5,,,,,,
1431,182.2,,,,,,
1432,439,1920,1080,,120,,2.8
1433,341.5,,,,,,
1434,896,,,,,,
1435,98.4,,,,,,
1436,1748,,,,,,
1437,66.56,,,,,,
1438,380.2,1280,720,,960,,3
1439,3860,,,,,,
1440,289,1920,1080,512,512,8,2.8
1441,48,,,2,16,16,2.16
1442,56.94,,,256,256,256,
1443,93,1366,768,64,64,4,1.1
1444,699,2256,1504,,256,16,
1445,235,1920,1080,,512,16,2.7
1446,188,,,,2,,2.6
1447,52,1366,768,16,16,4,1.6
1448,152.2,,,,,,
1449,55,,,64,64,64,
1450,420,1920,1080,256,256,16,2.3
1451,40.47,1366,768,16,16,4,2.5
1452,89,,,500,,4,2.66
1453,100,1366,768,32,32,4,2.4
1454,172,1920,1080,256,256,8,1.9
1455,268,,,,512,16,2.4
1456,259.8,2256,1504,256,256,8,1.5
1457,879,1920,1080,,1,64,2.8
1458,919,1920,1080,512,512,8,2.3
1459,450,1920,1080,,256,16,2.6
1460,60,1920,1080,,32,4,1.6
1461,885,1366,768,128,128,4,1.1
1462,629,,,,,,
1463,140,1366,768,8,500,8,2.3
1464,145,,,500,,16,
1465,323,,,,512,16,2.6
1466,210,1366,768,,128,8,2.5
1467,120,,,,,,
1468,240,,,500,500,32,1.7
1469,190.8,,,,256,8,1.7
1470,230,,,500,500,4,2.5
1471,215,1366,768,,512,12,1.2
1472,79.1,1366,768,720,,8,2.3
1473,599,1920,1080,1,1,16,2.4
1474,320,1920,1080,512,512,8,1.2
1475,226.5,1366,768,,500,16,1.8
1476,599,,,,,,
1477,105.06,1280,720,,128,8,1.6
1478,31.95,1920,1080,8,,8,1.6
1479,75,1366,768,250,,4,2.67
1480,189,1920,1080,256,256,16,1.6
1481,180.5,,,,240,16,
1482,198,1600,900,,256,16,2.5
1483,686,,,512,512,8,3.3
1484,164.2,,,,512,8,2.6
1485,249,1920,1080,128,128,4,4.1
1486,50,,,32,32,32,1.1
1487,48,,,128,128,4,1.9
1488,190,,,128,128,8,
1489,100,,,128,128,8,2.2
1490,150,1366,768,,32,4,1.1
1491,20.97,,,16,16,4,
1492,198,1366,768,8,128,8,
1493,1330,1920,1080,256,256,16,1.8
1494,1050,1920,1200,256,256,8,3.3
1495,135.9,1920,1080,,256,8,2.4
1496,140,1366,768,128,128,4,1.1
1497,110,,,,256,8,
1498,144.5,,,,256,8,2.3
1499,329.2,,,256,256,8,1.6
1500,153,1920,1080,,120,8,1.6
1501,399,1920,1080,,256,8,2.5
1502,899,1920,1080,2,2,8,1.3
1503,510,2880,1920,256,256,16,1.8
1504,420,3000,2000,256,256,16,1.8
1505,115.6,1366,768,,256,8,2.5
1506,97.7,1366,768,500,,4,2.5
1507,160,1366,768,,256,8,2.4
1508,400,1920,1080,256,256,16,2.6
1509,399,1920,1080,,512,12,3.3
1510,629,1920,1080,512,512,16,2.7
1511,839.5,,,1,1,32,
1512,130,1366,768,,16,,2.16
1513,550,2256,1504,256,256,16,1.8
1514,350,1920,1080,256,256,16,3
1515,85,,,8,,8,
1516,139.5,,,,16,,
1517,120,,,256,256,8,2.6
1518,29,1366,768,,16,2,1.7
1519,58,1366,768,32,32,4,1.6
1520,548,1920,1080,256,256,16,1.7
1521,525,1920,1080,512,512,64,2.6
1522,338.8,1920,1080,,256,8,
1523,300,,,512,512,16,
1524,167.8,1920,1080,12,256,12,2.3
1525,150,,,128,128,8,2.4
1526,190,1920,1080,256,256,8,1.7
1527,330,1920,1080,,512,16,2.6
1528,40,1920,1080,16,16,4,2.16
1529,77,,,,,8,
1530,37,,,4,,4,1.4
1531,650,1920,1080,32,512,32,2.4
1532,88.94,1366,768,,256,8,1
1533,35,1366,768,16,16,4,1.83
1534,65.94,,,500,500,4,2.16
1535,53,,,64,64,4,1.6
1536,10.99,1366,768,128,128,8,2.4
1537,37.94,1366,768,16,16,4,2.16
1538,125,1366,768,500,,8,2.5
1539,325,1920,1080,128,128,8,3.9
1540,616.5,2560,1600,512,512,16,4.7
1541,95,1920,1080,,128,8,
1542,280,1920,1080,500,500,32,1.9
1543,184.1,,,256,,8192,3
1544,25.9,1920,1080,64,64,64,2.5
1545,240,1920,1080,2,2,64,3.9
1546,97,1366,768,16,16,4,2.16
1547,780,1920,1080,1,4,64,1.7
1548,699,1920,1080,512,512,16,3.3
1549,16,1366,768,,16,4,1.6
1550,119,1366,768,320,,4,
1551,190,,,,1,16,2.1
1552,80,,,,,,
1553,350,3840,2160,256,256,8,1.6
1554,89,,,320,,2,
1555,45.88,1366,768,16,16,4,1.6
1556,109,,,,32,8,2.4
1557,216.5,,,,,,
1558,170.9,,,,256,8,
1559,190,1920,1080,64,,4,2.8
1560,339,1920,1080,,1,16,2.7
1561,629,1920,1080,512,512,16,2.7
1562,300,1920,1080,512,256,8,
1563,130,,,1,1,8,
1564,131.2,,,,256,8,1.1
1565,140,1366,768,128,128,4,1.1
1566,307,1920,1080,2,,,3.1
1567,299,,,,1,16,2.7
1568,825,1920,1080,512,512,16,3.9
1569,449,1920,1080,1,1,32,3.8
1570,95,,,250,,,
1571,198,1920,1080,,128,8,1.7
1572,49.94,1366,768,,,,
1573,135,1366,768,,,8,2.9
1574,299,1920,1080,16,512,16,2.3
1575,363,,,,512,16,1.9
1576,200,1920,1080,,,8,1.7
1577,140,,,,,,
1578,297,,,512,512,8,2.4
1579,282,,,512,512,16,2.6
1580,225,1920,1080,,512,8,1.6
1581,800,,,,,,
1582,245,1366,768,1,1,32,1.7
1583,585,3840,2160,,512,32,3
1584,170,,,,240,8,
1585,494.2,,,,256,16,2.4
1586,400,1920,1080,,,32,2.6
1587,439,1920,1080,,256,8,2.4
1588,479,1920,1080,512,512,16,2
1589,33.94,1366,768,,16,4,1.6
1590,250,1920,1080,128,128,8,1.1
1591,388,1920,1080,512,512,32,2.6
1592,410,,,,,,
1593,499,2200,1650,,,4,1.8
1594,300,2160,1440,512,1,8,3.8
1595,85,1366,768,16,16,4,2.16
1596,461.2,,,,512,16,1.4
1597,110.94,1366,768,64,64,4,1.1
1598,56,,,,,,
1599,135,1920,1080,256,256,8,2.2
1600,464.5,2220,1080,,512,16,2.6
1601,195.6,,,,,,
1602,170,1920,1080,256,256,8,1.7
1603,290,1366,768,256,256,16,2.5
1604,395,1920,1080,1,1,32,1.8
1605,49.94,1366,768,32,32,8,1.1
1606,84.5,,,,,,3
1607,930,1600,900,1,1,16,1.9
1608,171,,,,500,16,1.7
1609,35,1366,768,16,,4,1
1610,949.5,1920,1080,,512,16,5.1
1611,330,1920,1080,512,512,512,2.6
1612,900,,,,512,32,1.8
1613,329.5,1920,1080,512,512,32,2.2
1614,159,1920,1080,64,64,4,2.55
1615,5.55,,,,,,
1616,330,1920,1080,,256,8,4.1
1617,32.53,,,,,,
1618,225,1920,1080,512,512,16,2.7
1619,200,,,256,256,8,1.7
1620,616.5,2560,1600,512,512,16,4.7
1621,324,1920,1200,512,512,12,3.4
1622,162,,,,,,
1623,154,1600,900,512,512,16,2.3
1624,380,1920,1080,256,256,8,2.4
1625,80,,,,240,8,2.5
1626,800,1920,1200,256,256,16,4.6
1627,170,1920,1080,512,512,8,3
1628,245,1920,1080,,,8,
1629,39.94,,,16,16,16,
1630,58,1366,768,16,16,4,1.6
1631,780,1900,1200,,1,16,2.7
1632,400,1920,1080,1,1,32,1.6
1633,35,1024,600,300,,2,1.6
1634,300,1366,768,,1,32,3.6
1635,139,1920,1200,128,128,4,1.1
1636,400,,,,,,
1637,239.5,,,,256,8,1.2
1638,169,1366,768,,256,8,
1639,189,1366,786,,256,16,2.6
1640,358,1920,1080,2,,,3.6
1641,290,1920,1080,2,,,3.6
1642,326,1920,1080,2,,,3.9
1643,200,1920,1080,512,512,20,2.4
1644,289,1920,1080,1,1,36,o3.3
1645,280,1920,1080,500,500,16,1.7
1646,180,1366,768,,120,8,2.4
1647,49.5,1366,768,16,16,4,2.16
1648,325,1920,1080,2,,,3.4
1649,388.8,,,,512,16,1.9
1650,594.5,1920,1200,512,512,16,5
1651,325,1920,1080,2,,,3.1
1652,160,1920,1080,256,256,8,2.7
1653,130,1920,1080,,128,4,2.8
1654,185,1366,768,512,512,8,2.4
1655,199,1920,1080,256,256,16,1.6
1656,729,,,,1,32,2.4
1657,160,1920,1080,256,256,8,1.7
1658,230,1920,1280,64,64,4,1.1
1659,62.5,1366,768,,,4,1.6
1660,325,1920,1080,2,,,3.4
1661,48,1366,768,500,500,8,2.6
1662,550,1920,1080,,512,8,3.3
1663,151.1,,,,256,8,2.6
1664,230,1920,1080,,,4,1.6
1665,151.8,1920,1080,,128,8,2.3
1666,150,1366,768,128,128,4,1.1
1667,225,,,512,512,16,1.9
1668,202.5,1920,1080,256,1,8,2.6
1669,62,,,500,,4,1.9
1670,700,2560,1600,1,1,32,3.7
1671,230,,,256,256,16,1.5
1672,900,2560,1600,512,512,16,4.7
1673,53,1920,1080,32,32,4,2.1
1674,177.1,1920,1080,,,8,2.3
1675,200,,,,,,
1676,430,1920,1080,2,,,4.2
1677,75,1366,768,16,,4,2.16
1678,90,2160,1440,,128,4,1.9
1679,599,,,512,512,16,1.9
1680,525,,,,512,16,
1681,495,1920,1080,,512,16,4.7
1682,100,1366,768,128,128,4,1.6
1683,650,1920,1080,512,512,8,4
1684,365,,,,1,32,1.8
1685,455,1920,1080,1,1,16,4.9
1686,210.5,,,,256,4,1.6
1687,400,2736,1824,128,128,8,1.1
1688,362.5,1920,1080,512,512,8,4.7
1689,36.88,,,,,,
1690,749,3456,2160,,1,32,4.8
1691,200,1920,1080,,,8,1.7
1692,254,,,,,,
1693,90,,,32,,4,2
1694,169,,,,,,
1695,40,,,250,,4,2.6
1696,151.1,,,,,,
1697,209,1366,768,16,16,4,1.6
1698,124.9,1680,1050,120,120,2,1.73
1699,89.9,1366,768,,32,4,2.48
1700,219,1920,1080,,256,8,1.7
1701,216.4,,,,,,
1702,700,1920,1200,512,512,16,1.3
1703,28.16,,,0,16,2,1.7
1704,699,1920,1080,2,2,64,4.4
1705,760,,,,,,
1706,349,1920,1200,,128,8,2.6
1707,264,1366,768,,32,4,1.1
1708,335,1920,1080,512,512,16,1.9
1709,379,1920,1080,512,512,8,2.3
1710,170.5,1366,768,120,120,4,1.07
1711,135,1920,1080,256,256,8,2.2
1712,65,1920,1200,,32,,2
1713,736,1920,1080,,512,16,1.7
1714,685,,,,,,
1715,10.49,800,480,,,,1.3
1716,333.2,,,,500,16,2.6
1717,250,1920,1080,128,128,8,1.1
1718,689,,,,,,
1719,350,1920,1080,256,256,16,2.6
1720,120.9,,,,256,8,2
1721,149,1920,1080,256,256,16,2.4
1722,39,1366,768,16,16,4,1.1
1723,98,1366,768,128,128,4,1.1
1724,193,1920,1080,256,256,8,2.8
1725,200,,,,,,
1726,645,1920,1080,64,1,64,2.6
1727,440,1920,1080,500,500,16,2.5
1728,563,2256,1504,,256,8,3.3
1729,150,,,128,128,16,1.8
1730,160,,,,240,8,2.1
1731,259,1920,1080,128,128,4,3
1732,695,1920,1080,,512,8,
1733,170,1920,1080,256,256,16,2.4
1734,265.5,1600,900,,1,16,1.9
1735,249,1920,1080,128,128,8,3
1736,380,1920,1080,2,2,32,2.8
1737,350,1920,1080,512,512,16,2.4
1738,908.5,,,,512,16,
1739,329,1920,1080,512,512,16,2.9
1740,200,1366,768,256,256,16,
1741,159,1920,1200,64,64,4,1.46
1742,220,1920,1080,128,128,4,1.1
1743,75,1366,768,,128,8,2.6
1744,599,1920,1080,,512,16,3
1745,529,2256,1504,,512,8,2.4
1746,275,1920,1080,,256,8,
1747,679,,,,512,,
1748,140,,,80,,,1.66
1749,495,1920,1080,1,1,32,4.2
1750,110,1366,768,,,4,2.16
1751,45,1366,768,,16,4,1.6
1752,389.5,1600,900,,512,8,3.5
1753,893,1920,1080,,1,64,3
1754,680,2736,1824,,256,16,2.4
1755,129,1366,768,64,64,4,1.1
1756,234.9,1920,1080,,256,8,2.5
1757,99.94,1366,768,,128,8,
1758,100,,,8,256,8,
1759,265,1920,1080,,512,16,1.9
1760,330,,,,256,8,
1761,164.2,1920,1080,,256,8,2.6
1762,79,1920,1080,,32,4,1.6
1763,99,1920,1080,,,,1.6
1764,3900,,,4,4,64,
1765,229,1920,1080,,256,16,1.7
1766,197.2,,,,128,8,1.7
1767,263.2,,,,256,8,2.8
1768,113.9,1366,768,1,256,16,1.7
1769,160,,,,120,8,
1770,348,,,,,,
1771,130.5,,,,,,
1772,598,,,,,,
1773,303.8,,,,,,
1774,400,2160,1440,256,256,8,o3.6
1775,310,,,,,,
1776,119.6,,,,,,
1777,130,1920,1080,,128,4,2.4
1778,160.2,,,,256,8,
1779,130,1366,768,128,128,4,1.1
1780,170.9,,,,512,16,1.6
1781,94.94,,,500,500,,
1782,56.94,1280,800,250,,2,1.73
1783,599,1920,1080,16,256,16,3
1784,80,1366,768,64,64,4,1.1
1785,1200,3840,2160,4,2,64,4.7
1786,350,3840,2160,256,256,8,1.6
1787,339,1920,1080,512,512,8,
1788,175,2256,1504,128,128,8,1.2
1789,875,1920,1200,,1,32,1.7
1790,360,1366,768,,512,16,2.4
1791,29,,,,,4,
1792,103.3,1366,768,500,,4,2.16
1793,240,1920,1080,64,,8,
1794,2088,1920,1080,,1,16,4.7
1795,139,1920,1080,,512,16,1.7
1796,559,1920,1080,2,2,64,4.2
1797,380,1920,1080,,256,8,4
1798,50,1366,768,2,32,2,1.6
1799,105.06,1280,720,,128,8,1.6
1800,175,1920,1080,256,256,8,1.6
1801,200,1366,768,512,512,16,2.4
1802,75.75,1366,768,64,,4,1.1
1803,285,1920,1080,,256,16,1.9
1804,520,2880,1920,256,256,16,1.8
1805,79.1,1366,768,720,,8,2.3
1806,230.2,,,,256,8,1.6
1807,239,1920,1080,512,512,32,2
1808,153,1920,1080,,120,8,1.6
1809,140,1366,768,128,128,4,1.1
1810,160,1366,768,,256,8,2.4
1811,198,1600,900,,256,16,2.5
1812,500,2256,1504,,128,8,1.2
1813,200,,,,500,16,
1814,70,1366,768,,,8,2.6
1815,599,1920,1080,1,1,32,2.4
1816,200,,,1,,4,2.26
1817,1800,1920,1200,32,512,32,3.8
1818,50,1366,768,,120,4,1.7
1819,180,1366,768,64,64,4,1.1
1820,119,,,,,,
1821,199.9,1920,1080,,64,4,1.9
1822,916,,,,,,
1823,49,,,64,64,4,1.1
1824,1010,1920,1200,,256,16,
1825,119.94,1920,1280,64,64,4,1.1
1826,760,2160,1440,256,,,2.7
1827,169.9,,,,,8,o3.4
1828,199,,,,512,16,2.9
1829,360,1920,1080,256,256,8,2.4
1830,199,,,500,,4,2.4
1831,362,1920,1080,256,256,32,3.1
1832,544,,,,,,
1833,149,1920,1080,256,256,16,2.4
1834,140,1920,1080,,256,8,2.9
1835,380,3840,2400,16,2,16,2.7
1836,39,1366,768,16,16,4,1.1
1837,205,,,,512,16,1.7
1838,170,1920,1080,256,256,16,2.4
1839,825,1920,1080,512,512,16,3.9
1840,449,1920,1080,1,1,32,3.8
1841,198,1920,1080,,128,8,1.7
1842,135,1366,768,,,8,2.9
1843,265.5,1600,900,,1,16,1.9
1844,299,1920,1080,16,512,16,2.3
1845,297,,,512,512,8,2.4
1846,363,,,,512,16,1.9
1847,50,,,,,64,800
1848,585,3840,2160,,512,32,3
1849,150,1920,1080,256,500,16,1.9
1850,350,1920,1080,256,2,,3.6
1851,199,1920,1080,256,256,8,2.6
1852,184.5,1600,900,,128,8,2.6
1853,45,1366,768,16,64,4,1.6
1854,680,1920,1080,,512,16,
1855,50,,,,,,
1856,450,1920,1080,,512,8,1.3
1857,326.2,,,,,,
1858,89.94,,,256,256,4,1.7
1859,137,1920,1080,,128,8,
1860,280,1920,1080,,256,8,1.2
1861,208.8,,,,512,,1.1
1862,175,,,500,500,8,3
1863,42,1366,768,16,16,4,1.6
1864,123,,,500,,8,2.7
1865,100,,,,256,16,
1866,135,1920,1080,,,,1.6
1867,88,1366,768,64,64,4,1.1
1868,160,1920,1080,128,128,4,
1869,68,,,16,16,4,2.48
1870,355,1600,900,256,256,8,
1871,999,1600,900,2,2,16,1.9
1872,300,,,,,,
1873,29.98,,,80,,2,2.8
1874,380.8,,,,,,
1875,165,,,,,,
1876,535,1920,1080,,512,16,1.7
1877,24.98,,,32,32,,
1878,50,1366,768,16,16,4,1.1
1879,600,1920,1200,512,512,16,3
1880,980,1920,1200,,512,16,2.3
1881,180,1366,768,500,500,8,2.6
1882,40,1024,768,,128,4,2.2
1883,199,,,,,,
1884,199.9,1920,1080,512,512,16,2.6
1885,350,1920,1080,256,256,8,3.4
1886,550,1920,1080,512,512,16,2.7
1887,69,1366,768,,32,4,2.1
1888,250,,,320,,8,
1889,169,,,256,256,8,
1890,100,1366,768,32,64,4,1.1
1891,629.5,1920,1080,,512,16,4.7
1892,200,,,512,512,512,2.1
1893,147,1366,768,256,512,16,2.8
1894,164.2,,,,256,8,2.4
1895,844,1920,1080,256,256,16,3.5
1896,170,1366,768,256,256,8,1.9
1897,135,,,8,256,8,2.4
1898,580,,,,,,
1899,200,1920,1080,,,,1.2
1900,377.5,,,512,,8,3.3
1901,135,1920,1080,,,,1.6
1902,260,1920,1080,256,512,8,1.9
1903,237.5,,,256,256,4,1.66
1904,216.4,,,,,,
1905,221.8,,,,,,
1906,176,1920,1080,256,256,16,1.6
1907,835,,,,512,8,
1908,175,,,16,256,16,1.6
1909,200,,,128,128,4,1.1
1910,15.88,,,32,,2,2
1911,263.2,,,,256,16,1.7
1912,478.5,,,,,,
1913,55,1366,768,32,32,4,1.1
1914,230,1920,1080,,64,4,2.1
1915,800,1920,1200,,512,16,1.1
1916,176,1920,1080,,256,8,1.7
1917,75,1366,768,32,32,4,1.1
1918,140,,,,256,8,
1919,147.6,,,,,,
1920,200,,,256,256,,2.6
1921,398,1920,1080,512,512,16,2.6
1922,164.2,,,,128,4,1.4
1923,50,1366,768,16,16,4,1.83
1924,145,1366,768,500,,8,2.5
1925,172,,,,,,2.16
1926,190,,,500,500,24,2.6
1927,66.5,,,,16,4,1.6
1928,950,1920,1080,256,256,,3.1
1929,400,,,1,,12,
1930,180,1366,768,8,512,12,3.6
1931,130,,,,250,4,
1932,300,1920,1080,12,,12,1.6
1933,140,1920,1080,500,500,8,2.5
1934,170,,,64,,4,1.1
1935,250,,,,,,2
1936,300,,,240,240,8,2.3
1937,279,1366,768,1,128,16,1.2
1938,421,,,,,,
1939,475,1920,1200,,512,8,
1940,58,1366,768,,16,4,1.6
1941,276.5,,,,256,8,1.7
1942,39.94,1366,768,16,16,4,1.6
1943,155,1366,768,128,128,4,1.1
1944,411.2,,,,512,8,2.4
1945,469,2256,1504,,512,8,
1946,650,1600,900,256,256,8,2.3
1947,170,,,,256,8,
1948,45,1366,768,,16,4,2.16
1949,360,,,512,500,32,1.6
1950,250,1920,1080,500,500,32,2.6
1951,270,1920,1080,,256,8,3
1952,279,1920,1080,256,256,8,2.6
1953,198,1366,768,256,256,8,2.9
1954,200,,,64,,4,o2.6
1955,51,1366,768,32,32,4,2.6
1956,1450,1920,1080,256,256,16,2.6
1957,280,,,,500,16,
1958,129.8,,,,128,,2.3
1959,159.8,,,256,256,16,2.6
1960,330,1920,1080,256,256,8,1.2
1961,580,,,512,512,16,
1962,168.6,,,,,,
1963,319,1920,1080,,256,8,1.6
1964,570,1920,1200,,256,16,1.8
1965,41,1366,768,,16,4,
1966,141,1920,1080,128,128,8,2.2
1967,960,3840,2400,512,512,32,2.7
1968,35.94,1366,768,16,16,,2.16
1969,180,1366,768,,256,8,2.1
1970,149,,,,,,
1971,114.94,,,500,,8,
1972,320,1920,1080,500,500,16,
1973,252,,,1,,32,2.6
1974,369,1920,1080,,256,8,2.4
1975,219,1920,1080,,256,8,1.7
1976,230,1366,768,,,4,1.9
1977,220,1920,1080,,512,16,1.6
1978,370,1920,1080,512,512,32,2.6
1979,929,2560,1600,,1,16,2.4
1980,419,,,,512,32,1.7
1981,450,1920,1080,256,256,,1.7
1982,180.5,,,,,2,
1983,467.8,,,,,,
1984,200,,,1,,16,
1985,130,,,1,1,8,
1986,300,1920,1080,,1,8,4.6
1987,148,,,,,,
1988,70,,,16,,4,2
1989,299,,,,512,16,2.9
1990,65,1366,768,,16,4,1.1
1991,87,3200,1800,,256,8,1.2
1992,82.44,,,128,128,4,-3.1
1993,216,1920,1200,256,256,256,
1994,99.94,1366,768,320,,4,2.5
1995,184.5,1600,900,,128,8,2.6
1996,225,1920,1200,512,512,16,2.2
1997,37,,,,,,2
1998,290,1920,1080,512,512,32,2.9
1999,438,,,,,,
2000,400,3840,2160,,256,8,1.6
2001,170.9,,,,256,8,
2002,250,1920,1080,256,256,8,2.7
2003,139,1366,768,256,256,8,2.1
2004,70,,,16,16,4,2.16
2005,540,1920,1080,,512,16,2.7
2006,170,1366,768,128,128,4,2.4
2007,189,,,,120,16,
2008,100,1366,768,512,512,16,2.4
2009,55,1366,768,32,32,4,2.6
2010,120,,,512,512,16,2.3
2011,89,1800,1200,80,,2,2.2
2012,204,1920,1080,256,256,8,1.6
2013,253.1,1920,1200,128,128,8,2.3
2014,200,1920,1080,256,256,8,o3.4
2015,180,1366,768,256,256,16,2.3
2016,520,1920,1080,,512,16,4.7
2017,60,1366,768,32,32,4,1.6
2018,60,1366,768,,16,4,1.6
2019,159,1920,1080,256,256,16,3.4
2020,89.94,,,,128,4,2.55
2021,118,1366,768,,2,,2.4
2022,180,1366,768,256,256,16,2.4
2023,310,1920,1080,2,,,3.4
2024,126,,,256,256,8,
2025,727.5,,,32,256,32,2.7
2026,258,,,128,128,8,2.3
2027,649,2560,1600,,512,16,2.9
2028,55,1024,600,1,,1,1.66
2029,230,1920,1080,,256,16,2.1
2030,740,1920,1200,,512,16,3.3
2031,599,,,512,512,16,1.9
2032,280,1920,1080,500,500,16,1.7
2033,655,3072,1920,,1,32,3.3
2034,187.9,1920,1080,256,1,8,2.6
2035,199,,,,,,
2036,95,1366,768,32,32,4,2.48
2037,150,1920,1280,,128,4,2.4
2038,370,1920,1080,256,256,8,2.4
2039,80,1024,768,160,,4,2.5
2040,250.2,,,,1,,
2041,177.1,1920,1080,,128,4,2.4
2042,399,1920,1080,1,1,20,1.1
2043,59.94,1366,768,16,16,4,2.16
2044,599,1920,1080,,128,8,2.4
2045,355,2736,1824,,256,8,1.1
2046,150,,,,,16,2.4
2047,199,,,,250,12,2.3
2048,80,,,32,32,4,1.1
2049,369,1366,768,512,512,16,3.6
2050,495,,,,512,8,2.6
2051,56,1366,768,16,16,4,1.6
2052,284,1028,800,256,256,4,2
2053,120,1366,768,1,,8,2
2054,280,,,,500,32,3
2055,105,1920,1080,256,256,8,2.6
2056,380,,,,2,16,1.7
2057,750,1366,768,512,512,16,2.5
2058,300,1920,1200,512,512,16,3.4
2059,50,,,4,,4,1.1
2060,98,1366,768,500,256,8,1.6
2061,100,1920,1080,,16,,
2062,309.5,,,,256,16,1.8
2063,40,1366,768,32,32,4,1.6
2064,65,1366,768,16,16,4,2.16
2065,229,1366,768,1,1,16,2.7
2066,42,,,16,16,4,2
2067,350,1920,1080,,128,8,2.6
2068,660,1920,1200,1,1,16,2
2069,368,1920,1080,,1,16,1.9
2070,400,,,,128,16,
2071,79,,,,,,2.6
2072,50,1366,768,32,32,2,2.16
2073,24.98,,,,,4,2.1
2074,200,,,,32,4,1.6
2075,230,,,512,512,32,3.9
2076,110,1366,768,64,64,64,1.1
2077,225,,,512,512,32,
2078,105,1920,1080,256,256,8,2.6
2079,80,,,,,,
2080,35,,,32,32,4,1.8
2081,170.9,,,,256,,1.9
2082,48.47,,,,32,,1.6
2083,85,1600,900,320,,4,2.66
2084,130,1366,768,128,128,4,1.6
2085,382,1920,1080,,512,8,2.4
2086,349,1920,1080,512,512,8,1.5
2087,325,1920,1080,512,512,16,2.8
2088,305,,,256,256,8,2
2089,1414,,,,,,
2090,103.4,1366,768,500,,4,2
2091,299,1920,1080,1,1,32,@1.7
2092,490,1920,1080,1,1,16,1.8
2093,234.5,1920,1080,,128,16,2.5
2094,480,,,2,2,64,4.2
2095,1413,,,,,,
2096,381,1920,1080,,256,12,2.4
2097,139.5,,,,16,,
2098,72,1366,768,,16,4,1.6
2099,307.2,1280,720,,240,,2.6
2100,300,1366,768,,500,16,1.9
2101,150,,,,,8,2.3
2102,115,,,16,16,4,2.16
2103,220,1920,1080,,256,8,1.7
2104,281,,,128,128,4,2.9
2105,307.2,1280,720,,240,,2.6
2106,51,1366,768,16,16,4,1.6
2107,89,,,,256,,
2108,199,,,256,256,8,2.3
2109,129,1920,1080,1,,8,
2110,56,1366,768,,16,4,1.6
2111,229,,,,256,16,
2112,159,,,,2,16,1.7
2113,120,1920,1080,256,256,8,3.6
2114,300,,,256,256,256,
2115,527,,,,256,16,1.7
2116,549,1366,768,32,32,4,1.1
2117,170,1920,1080,8,256,8,2.6
2118,600,1920,1080,,512,16,1.7
2119,40,,,320,,4,2.6
2120,400,1920,1080,512,1,32,2.8
2121,276.2,,,,,,
2122,107.56,1366,768,128,128,8,1.5
2123,300,,,640,,,
2124,625,,,512,512,16,
2125,469,3840,2160,,1,16,2.8
2126,229.6,,,,128,4,2.7
2127,27.98,1366,768,16,16,4,1.6
2128,155,1920,1080,256,256,8,1.6
2129,160,1920,1080,,256,8,2.2
2130,80,,,250,,,
2131,280,1366,768,512,512,8,2.6
2132,260,,,256,256,,2.6
2133,399,1920,1080,256,256,8,2.6
2134,799,2880,1920,256,256,16,4.8
2135,90,1024,768,160,,8,2.2
2136,29,,,16,16,4,1
2137,170,,,1,1,16,3.4
2138,8.85,,,,,,
2139,389,3840,2160,,512,16,2.7
2140,506,1920,1080,,512,16,4
2141,600,3840,2160,1,1,16,2.6
2142,320.5,,,,512,16,
2143,11.38,,,,,,
2144,199,,,256,256,8,2.3
2145,286.8,1280,720,,120,,2.6
2146,550,1920,1080,512,512,12,4.7
2147,99,,,,,,
2148,125,,,,,,
2149,130.5,,,,,,
2150,886,,,512,512,8,
2151,173,,,,,,
2152,675,,,1,1,32,
2153,90,1366,768,512,512,16,3.9
2154,126.5,,,500,,8,2.5
2155,75.94,,,500,,8,2.5
2156,430,1920,1080,256,256,8,2.1
2157,650,3840,2160,,512,16,2.3
2158,126.56,,,256,256,8,
2159,283.8,1920,1080,,256,16,1.8
2160,362.2,1920,1080,512,512,16,4.2
2161,50.62,1366,768,128,128,4,1.9
2162,739,,,,,,
2163,443,,,,1,32,1.8
2164,34.8,,,,,,
2165,506.2,1920,1080,,256,8,2.1
2166,519.5,,,,,,
2167,400,1920,1080,512,1,32,2.8
2168,151.8,1920,1200,,64,4,1.1
2169,239.1,1920,1080,256,256,8,1.6
2170,1115,,,,,,
2171,54.38,,,,,,
2172,129.4,,,,,,
2173,326.2,,,,,,
2174,442.8,3840,2160,,512,16,4.6
2175,872,2560,1600,,,,3.2
2176,300.2,1280,720,,120,,2.6
2177,246.8,1366,768,,2,32,3
2178,20,1366,768,,,2,
2179,340,1366,768,1,1,32,1.9
2180,49,1366,768,16,16,2,1.6
2181,163.1,,,,,,
2182,456.8,,,,,,
2183,1035,,,,1,16,
2184,300,1280,720,,240,,3
2185,258.5,1280,720,,120,,3
2186,151.9,,,1,1,16,2.4
2187,54,1366,768,32,32,4,2.48
2188,223.2,1024,768,256,256,8,2.3
2189,1087,,,,,,
2190,31,1280,800,16,16,4,1.8
2191,108.75,,,,,,
2192,159,1366,768,128,128,4,1.1
2193,355.8,1920,1080,,512,16,4.6
2194,187.2,,,,,,
2195,8.99,,,,,,
2196,163.1,,,,,,
2197,40,,,,,,
2198,376,1280,720,,240,,2.6
2199,750,1920,1080,256,256,8,1.7
2200,130.5,,,,,,
2201,49.5,,,,,,
2202,188.5,,,,,,
2203,3668,2560,1600,2,2,32,
2204,214.2,,,,,,
2205,94.94,1366,768,1,120,,2
2206,318.2,1280,720,,120,,2.6
2207,761.5,,,,,,
2208,934,,,,,,
2209,593.5,1920,1080,512,512,8,
2210,227.8,,,,1,,
2211,63.25,,,2,16,,1.4
2212,113.9,1366,768,1,256,16,1.7
2213,170.9,1366,768,,256,8,1.6
2214,443,,,,,16,2.4
2215,67.5,,,500,,,1.9
2216,110,1366,768,128,128,8,2.6
2217,50,,,,32,4,1.6
2218,109.94,1366,768,500,,8,
2219,150,,,256,256,,2.5
2220,114.94,1366,768,500,,4,1.1
2221,139.2,,,,120,,2.4
2222,50,,,3,,3,
2223,99,1280,800,,,3,1.6
2224,229,,,,,,
2225,79.94,1366,768,240,256,8,2.7
2226,179.5,1920,1080,128,128,8,2.4
2227,44.97,1920,1200,,,4,2.26
2228,400,1920,1080,2,2,32,2.8
2229,220,1366,768,,128,8,1.1
2230,300.2,1280,720,,120,,2.6
2231,300,,,4,,4,
2232,45,,,,,,
2233,150,,,,512,,2.3
2234,280,,,20,512,20,
2235,599,2880,1920,,256,16,1.8
2236,269,1920,1080,,512,8,2.4
2237,300,1920,1080,256,256,8,2.4
2238,819.5,1920,1200,512,512,512,
2239,330,1920,1080,512,512,16,1.9
2240,210,,,800,800,16,2.5
2241,350,,,256,,8,
2242,220,1920,1080,,,16,2.2
2243,90,1024,768,160,,4,2.5
2244,248.5,1366,768,,120,8,1.7
2245,727,,,,256,16,
2246,210,1366,768,256,256,8,2.6
2247,806,2880,1800,1,1,16,3.2
2248,699,,,,512,16,3
2249,99,,,750,,4,2
2250,139,,,,128,8,2.5
2251,550,1366,768,,,8,2.3
2252,40,,,,,16,1.4
2253,125,1366,768,,,4,2.8
2254,140,1366,768,32,32,4,1.1
2255,45,1366,768,16,16,4,1.6
2256,119.5,1366,768,,32,4,1.1
2257,237.5,,,500,,4,1.66
2258,290,1920,1080,512,512,16,1.9
2259,55,,,,,,
2260,140,1920,1080,512,256,16,1.7
2261,2340,3840,2400,1,1,64,3.8
2262,159.8,,,256,256,16,2.6
2263,249.9,1920,1080,128,128,4,4.1
2264,221.5,,,,,,
2265,199,1366,768,256,256,16,2.2
2266,570,1920,1080,512,512,12,4.7
2267,347.8,1280,720,,240,,3
2268,167,1920,1080,250,240,16,2.6
2269,38,1366,768,16,16,4,2.5
2270,1617,3840,2400,,1,16,2.3
2271,107.94,1366,768,,256,8,2.4
2272,54,1366,768,16,16,4,1.6
2273,94.94,,,,,,
2274,295,1920,1080,500,500,16,2.4
2275,205.6,,,,,,
2276,720,1920,1080,,4,64,5
2277,400,,,,,,
2278,190,,,,1,16,2.1
2279,284,1920,1080,,256,16,2.5
2280,40,,,2,,2,1.5
2281,110,1366,768,32,32,32,1.1
2282,31.66,1366,768,,16,,1.83
2283,348,,,,,,2.4
2284,24.98,2256,1504,512,128,,2.4
2285,650,3840,2160,,512,16,1.8
2286,368.8,1280,720,,480,,3
2287,90,1366,768,128,128,4,1.1
2288,184.9,,,,,,
2289,101.25,,,,,,
2290,300,1920,1080,,,16,2
2291,42,1366,768,16,16,4,1.6
2292,25,1366,768,,,4,1.6
2293,739,,,512,512,8,2
2294,380,,,,,,
2295,95,,,465,256,8,2.4
2296,95.7,,,,,,
2297,69.6,1280,720,,32,2,1.44
2298,630,1920,1080,,512,16,1.3
2299,150,1920,1080,128,512,16,2.4
2300,85,1366,768,,128,8,2.3
2301,699.5,3840,2160,,512,16,4.1
2302,87,1366,768,,512,8,2.4
2303,600,1920,1080,256,256,8,3.3
2304,84.94,,,500,,8,2.6
2305,250,,,512,512,16,
2306,50,,,4,,4,
2307,454.2,1920,1080,512,512,8,4.3
2308,489,1920,1080,2,,16,1.8
2309,291,1280,720,,120,,2.6
2310,370.8,1280,720,,480,,3.1
2311,19.95,,,,,,
2312,27.98,,,1,,1,1.66
2313,225,,,256,256,4,1.7
2314,679,,,,512,16,
2315,1012.5,1920,1080,512,512,8,2.5
2316,150,2160,1440,256,256,8,1.2
2317,600,,,,,,
2318,60,1280,800,16,16,4,1.8
2319,100,,,,,,2.5
2320,144.9,1920,1080,,256,8,2.6
2321,375,1366,768,256,256,8,1.7
2322,120,,,500,,,2.6
2323,35,,,16,16,4,1.4
2324,147,1920,1080,750,,8,2.4
2325,65,,,,,4,1.6
2326,99.94,1366,768,320,,8,
2327,313.5,1280,720,,120,,2.7
2328,302.8,1280,720,,240,,3
2329,375,1280,720,,480,,2.6
2330,69.94,1920,1080,,64,4,1.1
2331,75.94,,,,,,
2332,400,1280,1024,80,,1,1.86
2333,345,,,512,512,16,1.9
2334,422,1920,1080,,240,,2.8
2335,600,1920,1080,2,2,16,2.4
2336,199.9,,,64,64,64,
2337,32.75,,,,,,
2338,289.8,1280,720,,120,,3
2339,284.2,,,,,,
2340,420,1366,768,1,1,32,1.9
2341,100,,,,,,
2342,327.8,1280,720,,240,,2.6
2343,38,,,,,,
2344,172.8,1360,768,64,64,4,1.1
2345,345,1280,720,,240,,2.7
2346,188,1920,1080,256,256,8,1.6
2347,100,1920,1080,500,128,8,2.4
2348,890,,,,512,32,
2349,230,,,1,1,16,2.4
2350,100,1920,1080,64,64,16,2.8
2351,269.8,1366,768,,256,16,1.6
2352,225.5,,,,,,
2353,13.8,,,,,,
2354,442.8,1920,1080,,240,,2.8
2355,392,1920,1080,,240,,2.8
2356,289.8,,,81,,1,1.8
2357,560,1920,1080,512,512,16,2.8
2358,88.56,,,,,,
2359,299,1920,1080,256,256,8,2.1
2360,749,3456,2160,,512,8,
2361,249,1920,1080,256,256,8,1.7
2362,157.5,,,,512,12,2.4
2363,173,,,,,,
2364,433.2,1280,720,,240,,3
2365,700,1920,1080,,512,16,2.6
2366,911,1920,1080,,256,8,1.6
2367,799,1920,1200,,512,16,
2368,273,1920,1080,128,128,4,3.5
2369,350,1920,1080,512,512,16,1.7
2370,160,1920,1080,256,256,8,2.6
2371,90,1024,768,500,,4,1.6
2372,129.5,1366,768,,32,4,1.1
2373,250,,,,256,,2.5
2374,177.1,,,128,128,128,
2375,190,1366,768,,512,16,2.4
2376,180,1920,1080,512,512,16,1.9
2377,87.3,1366,768,128,128,4,1.1
2378,247,,,128,128,8,
2379,80,,,,256,8,2.3
2380,90,1600,900,,512,16,3.3
2381,48,,,500,500,4,1.9
2382,220,,,,512,16,
2383,80,1366,768,16,16,4,2.16
2384,258,,,128,128,8,2.3
2385,32.94,1366,768,,16,4,1.6
2386,23,,,32,,4,2.4
2387,29,1366,768,,16,4,1.1
2388,370,1920,1080,256,256,8,2.4
2389,200,1920,1080,256,256,16,1.8
2390,170,,,256,256,12,2.4
2391,370,,,512,512,32,1.7
2392,300,1920,1080,256,2,,3.6
2393,85,1366,768,16,16,4,2.16
2394,75,1366,768,32,32,4,2.4
2395,198,2256,1504,,256,8,1.7
2396,70,1366,768,32,32,4,1.6
2397,316,1920,1080,,256,16,1.6
2398,140,,,,,,
2399,425,1920,1200,512,512,16,4.7
2400,50,1366,768,16,16,4,1.4
2401,150,1920,1080,500,128,8,2.1
2402,270,2736,1824,,512,16,1.9
2403,425,,,512,512,16,
2404,30.48,1366,768,16,16,4,1.6
2405,440,1920,1080,,1,16,2.6
2406,619,2560,1600,512,512,16,
2407,60,,,32,32,4,1.6
2408,393.2,1920,1080,,480,,2.8
2409,327.8,1280,720,,240,,2.6
2410,279.5,1280,720,,240,,2.6
2411,200,,,256,,8,2.1
2412,130,,,80,,1,
2413,265,,,,,16,4.8
2414,148,1920,1080,128,128,4,1.1
2415,230,2560,1440,,512,16,2.6
2416,345,1280,720,,240,,2.7
2417,255,2736,1824,128,128,8,1.1
2418,442.8,1920,1080,,240,,2.8
2419,30.77,,,,,,
2420,490,1920,1080,1,,,
2421,780.5,1920,1080,16,,16,2.6
2422,250,1366,768,1,,16,1.6
2423,49,1366,768,16,16,4,1.4
2424,1295,1920,1200,,256,8,2.6
2425,312,1280,720,,120,,2.6
2426,126.56,,,,,,
2427,519.5,1366,768,512,512,16,4.2
2428,349,1920,1080,,512,12,1.2
2429,120,1920,1080,512,512,8,1.8
2430,100,1366,768,4,32,4,1.1
2431,499,1920,1200,256,256,8,3
2432,56,1366,768,,32,4,2.1
2433,196.1,,,,,,
2434,138,,,,,,
2435,129,1366,768,32,,4,2.48
2436,160,1920,1080,8,,8,
2437,21.95,1280,800,500,180,4,2
2438,199,,,512,512,16,1.7
2439,190,,,256,256,16,
2440,200,1366,768,,,,
2441,324,1280,720,,240,,2.7
2442,75,,,,,,
2443,177.1,,,,,,
2444,570,2880,1920,,256,16,3
2445,154,1366,768,16,16,4,2.8
2446,189.8,,,,,,
2447,63.25,,,,,,
2448,292.2,1280,720,,120,,3
2449,332.8,,,,,,
2450,391,1920,1080,,240,,3.5
2451,714.5,1920,1080,,256,,4
2452,50,,,,,,
2453,939.5,1920,1080,,1,32,5
2454,115,1366,768,16,16,4,2.16
2455,300,1920,1080,,256,16,2.1
2456,60,,,,256,8,
2457,115,1366,768,32,,4,1.1
2458,300,1920,1080,16,476,16,2.1
2459,279.5,1280,720,,240,,2.6
2460,162,,,,,,
2461,46,,,,16,,
2462,119,1920,1080,,,8,1.9
2463,110,1366,768,500,,8,2.4
2464,303,1280,720,,120,,
2465,400,1920,1280,512,512,16,
2466,749,1920,1200,,256,16,
2467,163.2,1600,900,500,,8,2.6
2468,240,1920,1080,8,,8,2.4
2469,69.9,1920,1080,,256,8,2.4
2470,479.5,1920,1080,,256,8,4.6
2471,1900,1920,1080,1,1,32,1.8
2472,393.2,1920,1080,,480,,2.8
2473,300.2,1280,720,,120,,2.6
2474,500,,,,,,
2475,899,1920,1200,,1,16,
2476,200,,,160,,,2.4
2477,360,1920,1080,,512,16,1.6
2478,259,,,128,128,4,1.8
2479,179,1366,768,750,,8,2.2
2480,231,1920,1080,512,256,16,2.4
2481,1050,1920,1080,256,256,16,2.8
2482,158.1,2880,1920,512,512,512,
2483,200,1920,1080,512,512,16,1.6
2484,380,1920,1080,512,512,16,4.3
2485,79.94,,,16,16,16,2.16
2486,299,1366,768,500,,8,2.5
2487,325,1366,768,256,256,8,4.1
2488,298.8,1280,720,,240,,2.6
2489,352,1280,720,,240,,
2490,294,1280,720,,120,,
2491,44,1366,768,32,32,4,1.6
2492,550,,,12,512,12,
2493,300,1920,1080,256,256,16,4.3
2494,175,1920,1080,,128,4,2.5
2495,309.2,1280,720,,960,,1.99
2496,13.05,,,,,,
2497,334.5,1280,720,,120,,2.7
2498,349.8,1280,720,,120,,
2499,340.2,1280,720,,960,,1.99
2500,119,1920,1080,,128,12,2.4
2501,377.5,1280,720,,480,,3
2502,521,,,,,,
2503,260.8,1280,720,,120,,3
2504,509.5,1920,1080,,512,16,4.5
2505,199.9,1366,768,128,128,128,
2506,179,1366,768,1,,6,2.2
2507,415,3000,2000,1,128,16,1.9
2508,209,1920,1080,,256,16,2.7
2509,750,,,256,256,32,2.6
2510,140,1600,900,,,,2.6
2511,90,1024,768,500,,4,1.6
2512,310,1920,1080,,256,8,1.2
2513,413.2,,,,,,
2514,105,1920,1080,,,4,2.8
2515,899,1920,1200,256,256,,4.6
2516,45,1366,768,4,16,4,2.16
2517,100,1366,768,32,32,4,1.1
2518,1439,,,,1,16,
2519,105,1366,768,32,32,32,1.1
2520,458.5,1280,720,,960,,2.6
2521,423,1280,720,,120,,3
2522,319.5,1600,900,,256,8,4.1
2523,150,,,,256,16,2.5
2524,70,,,,,,
2525,315,1366,768,256,256,8,4.1
2526,146.5,,,,,,
2527,172,1366,768,128,128,6,1.1
2528,19.98,,,,,,
2529,342,1280,720,,120,,
2530,260.8,1280,720,,120,,3
2531,650,1600,900,256,256,8,2.3
2532,298.8,1280,720,,240,,2.6
2533,680,1920,1080,,1,40,2
2534,412.2,,,,,,
2535,238.2,,,,,,
2536,340.2,1280,720,,960,,1.99
2537,327.8,,,,,,
2538,45,,,80,,2,
2539,198,,,,,,
2540,350,1366,768,512,512,16,2.8
2541,87,,,,,,
2542,333.2,,,,500,16,2.6
2543,399,,,512,512,8,1.6
2544,40,,,,,,
2545,24.98,,,,,4,1.86
2546,346.8,1280,720,,120,,3
2547,56.06,,,240,240,12,2.9
2548,22,1366,768,16,16,4,1.6
2549,330,1920,1080,256,256,8,1.2
2550,699,1920,1080,2,2,40,o4.3
2551,365.8,1280,720,,240,,2.7
2552,337,,,,,,
2553,496,,,,1,16,
2554,289,,,,,,
2555,699,,,,1,32,
2556,500,,,,,,
2557,599,1920,1080,16,256,16,3
2558,291,1280,720,,120,,2.6
2559,110,1366,768,256,256,16,2.4
2560,600,1920,1080,1,1,32,3.1
2561,320,1920,1080,256,256,8,2
2562,490,1920,1080,1,,,
2563,130,,,256,4,,
2564,150,1366,768,,16,4,1.6
2565,425,1900,600,500,500,16,2.5
2566,318.2,1280,720,,120,,2.6
2567,396,1920,1080,,120,,2.8
2568,53,1366,768,16,16,4,2.16
2569,225,,,,256,8,2.4
2570,243,1920,1080,256,256,8,2.1
2571,740,1920,1080,,512,16,1.6
2572,749.5,1920,1080,512,512,16,1.8
2573,260,1920,1080,512,512,16,2.4
2574,149,,,256,256,16,2.6
2575,450,1920,1080,,1,16,2.6
2576,70,,,,,,
2577,670,1920,1080,,1,16,2.1
2578,140,,,512,512,32,3.9
2579,199,1920,1080,256,256,16,1.9
2580,253,1920,1080,512,512,8,2.9
2581,380.2,1280,720,,960,,3
2582,477.5,,,,,,
2583,4.42,,,,,,
2584,700,1920,1080,512,512,16,2.6
2585,119.9,,,,,,
2586,180,,,512,512,12,2.6
2587,30,,,160,250,2,2.1
2588,565,1920,1080,,256,,1.49
2589,189,,,,512,8,2.7
2590,50,,,,,4,2.5
2591,234.5,1920,1080,,128,16,2.5
2592,850,1920,1080,,512,16,2.2
2593,29.95,1920,1080,,,,
2594,435,1920,1080,256,256,16,2.6
2595,398,1280,720,,480,,2.6
2596,328.5,1280,720,,240,,2.6
2597,325.2,1920,1080,,120,,2.8
2598,588.5,,,320,,,2.5
2599,360.5,1280,720,,240,,
2600,530,1920,1200,,256,16,3
2601,575,1920,1080,,1,8,2.8
2602,219.5,,,128,128,128,
2603,50,1366,768,4,64,4,2.7
2604,420.5,1280,720,,960,,3
2605,200,1280,800,160,,4,2.4
2606,255,2736,1824,128,128,8,1.1
2607,19.58,,,,,,
2608,384,1280,720,,480,,
2609,21.95,1280,800,500,180,4,2
2610,384,1280,720,,240,,
2611,19,,,,,,
2612,399.8,1920,1080,,480,,
2613,150.4,1366,912,,32,4,1.1
2614,399,1600,900,256,256,8,3
2615,230,1920,1080,256,256,,1.8
2616,890,1920,1080,,128,8,1.1
2617,412.2,,,,,,
2618,800,1920,1200,,1,16,2
2619,449.8,1280,720,,960,,2.6
2620,489.5,,,,,,
2621,216,1366,768,,512,16,2.7
2622,200,1920,1200,,128,4,2
2623,300,1920,1080,1,256,8,2.8
2624,52,,,,,,
2625,120,1920,1080,512,512,8,1.8
2626,358.8,1280,720,,120,,2.7
2627,65.25,,,,,,
2628,220,,,512,512,8,1.7
2629,300,1920,1080,128,128,8,2.1
2630,720,2160,1350,256,256,16,2.1
2631,125,,,500,500,16,2.6
2632,90,,,,,,
2633,313.5,1280,720,,120,,2.7
2634,302.8,1280,720,,240,,3
2635,433.2,1280,720,,240,,3
2636,194.8,,,,,,
2637,103.4,1366,768,500,,4,2
2638,80,,,500,,4,3
2639,285,,,640,,,
2640,112.5,,,500,,8,2.9
2641,325,1024,768,256,256,8,2.6
2642,500,,,,128,16,1.6
2643,400,1920,1080,1,1,32,2.8
2644,55,,,,,4,2.3
2645,150,,,256,256,,2.6
2646,363,1920,1080,256,256,16,1.9
2647,95,1366,768,,32,4,1.1
2648,700,1920,1080,,512,16,2.2
2649,135,1366,768,,32,4,1.1
2650,100,1366,768,8,,8,2.3
2651,375,,,1,128,128,2.5
2652,250,,,64,64,4,
2653,390.8,1280,720,,240,,3
2654,208.9,,,,,,
2655,88.56,,,,,,
2656,139.2,,,,,,
2657,136,,,,,,
2658,12.59,,,,,,
2659,170.9,,,,,,
2660,462,1280,720,,960,,2.3
2661,38,1920,1080,16,16,4,2.16
2662,510,2880,1920,8,128,8,3
2663,113.9,,,,,,
2664,220,1366,768,,128,8,1.1
2665,113.9,,,,,,
2666,303.5,1280,720,,120,,
2667,260,,,,,,
2668,100,1366,768,,256,8,2.6
2669,312,1280,720,,120,,2.6
2670,390.8,1280,720,,240,,3
2671,455.5,,,512,512,16,1.8
2672,391,1920,1080,,240,,3.5
2673,325,1920,1080,,512,16,2
2674,355.8,1920,1080,,512,16,4.6
2675,391,1920,1080,,480,,3.1
2676,227.2,,,,,,
2677,3668,2560,1600,2,2,32,
2678,181.5,,,128,,8,
2679,227.8,,,,1,,
2680,170.9,1366,768,,256,8,1.6
2681,619,1920,1080,256,256,8,1.3
2682,368.5,1280,720,,360,,1.99
2683,327.8,,,,256,32,
2684,2718,,,,,,
2685,434,,,,,,
2686,100,2560,1600,,32,16,2.2
2687,445,3840,2160,,512,32,1.8
2688,227.2,,,,,,
2689,352.8,1920,1080,,240,,3.1
2690,330,,,,,,
2691,191.1,,,128,128,8,
2692,340,,,,,,
2693,151.9,,,,,,
2694,85.94,,,,,,
2695,43.28,,,,,,
2696,649,2560,1600,,1,16,3.4
2697,436.8,,,,,,
2698,164.5,,,,,,
2699,350,2256,1504,,256,8,1.1
2700,550,1920,1080,256,256,8,2.4
2701,317,1280,720,,240,,3
2702,419.2,1280,720,,120,,2.4
2703,451.2,,,,,,
2704,1265,,,,,,
2705,413,1920,1080,,480,,2.8
2706,200,1366,768,,64,8,1.1
2707,360,1920,1080,256,256,8,1
2708,199,1920,1080,512,512,16,2.7
2709,125.94,1366,768,500,,4,2.2
2710,119,,,,256,8,1.9
2711,75.94,,,,,,
2712,675,1920,1080,,512,16,4.7
2713,117,1600,900,256,256,16,
2714,599,1366,768,,512,8,1.2
2715,160,1366,768,128,128,4,1.1
2716,321.2,1280,720,,120,,2.6
2717,248,,,,,,
2718,30,1366,768,32,32,32,1.1
2719,490,1366,768,256,256,8,1.2
2720,70,,,500,,4,3
2721,1483,1920,1080,512,512,16,2.4
2722,128.4,,,,,,
2723,129,,,,256,8,2.4
2724,126.5,,,,,,
2725,227.4,,,,,,
2726,351.2,1280,720,,240,,3
2727,40,1366,768,,16,2,1.7
2728,126.5,,,,,,
2729,111.25,,,,,,
2730,250,1366,768,,1,16,
2731,1662,,,,,,
2732,99,1366,768,64,64,4,
2733,145,1920,1080,,,4,2.6
2734,200,1366,768,1,1,8,2.5
2735,420.5,1280,720,,960,,3
2736,25.31,,,1,,,
2737,1087,,,,,,
2738,118.1,,,,,,
2739,100,3000,2000,256,256,8,1.7
2740,750,3840,2400,,512,16,2.6
2741,238.2,,,,,,
2742,253.1,,,,,,
2743,165,1024,728,320,256,2,1.6
2744,158.1,1366,768,240,240,8,2.3
2745,260,1600,900,,256,8,2
2746,600,,,1,1,16,2.7
2747,129.4,,,,,,
2748,62.94,1366,768,1,1,6,2.3
2749,92.44,,,,,,
2750,184.1,1920,1080,,256,8,
2751,815.5,,,,,,
2752,226.5,,,,1,,3.5
2753,159,1920,1080,128,128,4,2.8
2754,1454,2880,1800,1,1,16,
2755,152.2,,,,,,
2756,500,1920,1080,,512,512,
2757,292.2,1920,1080,,120,,3.1
2758,65.25,,,,,,
2759,287,1920,1080,256,256,8,1.1
2760,443,,,,1,32,1.8
2761,100,2560,1600,,32,16,2.2
2762,550,1920,1080,,512,8,3.3
2763,75.94,,,,,,
2764,154,1366,768,,32,4,1.1
2765,419.2,1280,720,,120,,2.4
2766,130,1366,768,320,,8,2.3
2767,256.5,1920,1080,256,256,8,o3.4
2768,84.94,,,,128,8,2.3
2769,220,1920,1080,512,512,12,2.4
2770,429,1366,768,1,1,32,4.1
2771,110,1920,1280,256,256,8,1.7
2772,722,2560,1600,,512,32,1.1
2773,119,,,250,,,2
2774,45,,,16,16,4,
2775,164.5,1600,900,,256,8,1.9
2776,100,1366,768,250,256,8,2.4
2777,409.8,1920,1080,,256,8,2.5
2778,39,,,4,,4,2.16
2779,235,1920,1080,512,512,16,1.9
2780,240,1920,1080,,512,16,2.3
2781,280,1920,1080,256,256,16,1.8
2782,37,,,,,,
2783,320,,,500,500,16,1.9
2784,134,1920,1080,256,1,8,2.6
2785,229.9,,,,128,4,3.7
2786,250.1,,,,,,
2787,78.6,1366,768,500,,4,1.8
2788,95.94,1366,768,,256,8,
2789,890,2560,1600,,1,16,5
2790,229,,,,512,16,1.6
2791,39.9,1366,768,64,,8,
2792,89,,,500,,8,2.6
2793,51,,,,,,
2794,31.95,,,16,16,4,
2795,43,1366,768,16,16,2,1.4
2796,300,1920,1080,1,1,32,1.9
2797,400,,,1,1,32,2.08
2798,125.94,1920,1080,512,256,8,2.4
2799,140,1366,768,,256,8,2.5
2800,495,,,256,256,16,2.6
2801,130,1366,768,128,128,16,2.6
2802,669,1920,1200,256,256,16,3.3
2803,109,1280,800,500,,8,
2804,348.2,1280,720,,240,,2.6
2805,340,,,,,,
2806,422,1280,720,,480,,3
2807,318.2,1920,1080,,240,,3.1
2808,175,1600,900,1,1,8,2.67
2809,9.45,,,,,,
2810,710,1920,1080,512,512,16,1.8
2811,449,,,128,128,8,
2812,7.61,,,,,,
2813,434.2,1920,1080,400,128,,
2814,799,1920,1080,128,128,8,1.3
2815,200,1920,1080,512,512,16,2.4
2816,426.5,1280,720,,960,,2.6
2817,429.8,1280,720,,960,,3
2818,393.2,1920,1080,,480,,3.1
2819,190,1366,768,1,,4,1.7
2820,189,1366,768,1,,6,2.4
2821,816,1920,1200,256,256,16,4.4
2822,135,,,256,,,2.6
2823,91.5,,,,,,
2824,115.9,,,1,1,4,1.9
2825,299,1920,1080,,256,8,1.7
2826,499.5,1920,1080,512,512,16,2.8
2827,899,,,,,,
2828,10.54,,,,,,
2829,260,1366,768,,512,16,2.4
2830,63.84,,,,,,
2831,381.5,1280,720,,960,,3
2832,100,,,32,,4,2.5
2833,65,1366,768,,32,4,1.1
2834,349,,,,,,
2835,119,1366,768,,16,2,1.6
2836,160,,,,256,16,2.4
2837,49,1366,768,32,32,4,1.6
2838,386.5,,,,256,16,2.4
2839,292.2,1280,720,,240,,3
2840,364.8,,,,,,
2841,100,1920,1080,64,64,4,1.1
2842,22.4,,,,,,
2843,65,1366,768,,,2,1.6
2844,223,,,,,,
2845,53.72,,,,,,
2846,13.05,,,,,,
2847,690,1920,1200,512,512,512,
2848,10.88,,,,,,
2849,348.2,1920,1080,,120,,2.8
2850,200,1366,768,0,256,8,2.7
2851,284.8,1920,1080,,256,256,2.3
2852,126.5,,,250,120,4,
2853,21.52,,,,,,
2854,2348,2560,1600,1,1,32,5
2855,198,1920,1080,,256,8,1.8
2856,310.5,,,,,,
2857,40,1920,1080,320,,4,2.3
2858,37.94,,,,,,
2859,163.2,,,,128,,3.5
2860,310.8,1280,720,,240,,2.6
2861,271.2,1280,720,,120,,3
2862,132.5,,,,,,
2863,411,1280,720,,480,,2.6
2864,217.5,,,,,,
2865,250,1920,1080,256,256,24,1.9
2866,407.8,,,,,,
2867,146.9,,,,,,
2868,500,3840,2160,1,1,16,2.8
2869,75.94,,,500,,8,2.5
2870,65.25,,,,,,
2871,189.8,,,256,256,8,2.2
2872,296.2,1920,1080,512,512,16,1.6
2873,588.5,,,500,,4,0.399
2874,759,3840,2160,,512,16,4.9
2875,1200,3840,2160,4,2,64,4.7
2876,238.2,,,,,,
2877,253.1,1920,1080,,256,8,3.7
2878,114.2,,,,,,
2879,177.1,,,,256,8,
2880,239.2,,,,,,
2881,125.25,1366,768,,64,4,1.1
2882,193,,,,,,
2883,190.4,,,,,,
2884,325.2,,,,,,
2885,620,,,256,,,
2886,150,1366,768,,,4,
2887,147.4,,,,,,
2888,396,1920,1080,,120,,2.8
2889,396,1920,1080,,120,,2.8
2890,348.2,1920,1080,,120,,2.8
2891,39,1366,768,,,4,1.6
2892,49,1366,768,,,4,2
2893,882,1920,1080,,256,32,
2894,301.5,1280,720,,240,,2.6
2895,424.8,1280,720,,960,,3
2896,317,,,,,,
2897,400,2560,1600,512,512,16,2.8
2898,65,1366,768,500,,8,2.5
2899,200,,,1,1,8,2.7
2900,98.7,1366,768,,160,8,1.8
2901,120,,,1,,8,2.5
2902,300,,,128,,8,
2903,13.05,,,,,,
2904,199,1366,768,64,64,4,2.6
2905,230,2560,1440,,512,16,2.6
2906,1149,,,,,,
2907,375,1920,1080,,128,8,
2908,100,,,,,,2.5
2909,140,1920,1080,8,,8,2.7
2910,52,1366,768,,,4,2.48
2911,80,,,,,,
2912,99,1366,768,256,256,8,
2913,170,,,256,256,8,2.6
2914,313.5,1920,1080,,120,,2.8
2915,435,1280,720,,240,,3
2916,1780,,,2,1,32,
2917,174,1366,768,64,64,4,1.1
2918,415,3000,2000,1,128,16,1.9
2919,426.2,1920,1080,,240,,2.8
2920,380,1920,1080,128,128,4,-2.8
2921,105,,,,,8,
2922,75.06,,,,,,
2923,191.6,,,,,,
2924,59.97,,,,,,
2925,125,1366,768,256,256,16,2.6
2926,419,1920,1080,,512,8,
2927,331.8,1280,720,,240,,2.6
2928,40,1366,768,16,16,,2.16
2929,100,1440,900,160,,3,2.8
2930,878,,,,,,
2931,670,1920,1080,512,512,16,3.6
2932,164.5,,,,,,
2933,940,1920,1080,,2,64,3.5
2934,333.8,,,,,,
2935,429.2,1280,720,,480,,3
2936,50.3,,,,,,
2937,189,,,,120,16,
2938,130,1920,1080,,128,8,2.5
2939,422,1920,1080,,240,,2.8
2940,335.5,,,,,,
2941,479.5,1920,1080,,256,8,4.6
2942,70,2160,1440,64,64,4,1.5
2943,87.06,,,,,,
2944,458.8,1920,1080,512,512,16,4.7
2945,347.8,1280,720,,240,,3
2946,467,1920,1080,,960,,1.99
2947,382.8,1280,720,,480,,3
2948,3408,2560,1600,2,2,32,
2949,43.5,,,,,,
2950,1047,2256,1504,,256,,3
2951,22.14,,,,,,
2952,331.8,1280,720,,240,,2.6
2953,263.2,,,,,,
2954,1030,,,,,,
2955,116.5,,,,,,
2956,281.8,1280,720,,120,,3
2957,322.8,,,,,,
2958,478.8,1280,720,,480,,3
2959,82.06,,,,,,
2960,15.01,,,,,,
2961,1047,2256,1504,,256,,3
2962,114,,,,,,
2963,21.66,,,,,,
2964,27.1,,,,,,
2965,2686,,,,,,
2966,466,1280,720,,480,,2.4
2967,355.2,1280,720,,120,,2.7
2968,200.4,1024,768,,,,
2969,226.2,1920,1080,,256,,2.4
2970,21.75,,,,,,
2971,103.44,,,,,,
2972,46.62,,,,,,
2973,120,,,,,,
2974,328.2,,,,,,
2975,58.7,,,,,,
2976,10.54,,,,,,
2977,90,,,,,,
2978,105.25,,,,,,
2979,2102,,,,,,
2980,45.38,,,,,,
2981,39.47,,,,,,
2982,355.2,1280,720,,120,,2.7
2983,375,1280,720,,240,,2.6
2984,419.2,1280,720,,120,,2.4
2985,87.9,,,,,,
2986,92.06,,,,,,
2987,5.44,,,,,,
2988,371,,,,,,
2989,2664,,,,,,
2990,139,1366,768,,16,4,2.16
2991,333.8,,,,,,
2992,484,1280,720,,2,,2.6
2993,428,1280,720,,120,,3
2994,385.5,1280,720,,120,,3
2995,2730,1920,1080,,4,,1.8
2996,1500,1920,1080,,1,32,2.3
2997,234.1,,,,256,8,2.6
2998,728.5,,,,,,
2999,160,,,8,,8,
3000,987.5,,,,,,
3001,21.75,,,,,,
3002,21.75,,,,,,
3003,297.5,1920,1080,,120,,
3004,59.25,,,,,,
3005,164.5,1920,1080,64,64,64,1.1
3006,90,2736,1824,128,128,8,2.5
3007,69.94,,,,,,
3008,109,,,,,,
3009,120,,,,,,
3010,298.5,,,,,,
3011,436,,,,,,
3012,64.2,,,,,,
3013,6.53,,,,,,
3014,191.6,,,,,,
3015,39.2,,,,,,
3016,26.22,,,,,,
3017,17.06,,,,,,
3018,65,,,8,,8,
3019,668,1920,1200,256,256,16,3.3
3020,266.8,,,,,,
3021,370.2,1280,720,,480,,3
3022,331.2,,,,,,
3023,97.9,,,,,,
3024,19.58,,,,,,
3025,312.8,1280,720,,120,,2.7
3026,15.98,,,,,,
3027,112.56,,,,,,
3028,375,1280,720,,480,,2.6
3029,38,,,,,,
3030,69.25,,,,,,
3031,347,,,,,,
3032,7.28,,,,,,
3033,70.75,,,,,,
3034,999.5,1920,1080,,,,
3035,61.03,,,,,,
3036,29.94,,,,,,
3037,20.48,,,,,,
3038,92.06,,,,,,
3039,117,,,,,,
3040,50,1366,768,32,32,4,1.1
3041,584.5,1280,720,,480,,3
3042,297.8,1280,720,,120,,2.6
3043,27.66,,,,,,
3044,20.67,,,,,,
3045,73.44,1366,768,,,,
3046,165,,,80,,3,2
3047,1271,,,,,,
3048,276.2,1280,720,,240,,2.6
3049,59.56,,,,,,
3050,1022,,,,,,
3051,2332,1920,1080,,960,,1.8
3052,2274,,,,,,
3053,2294,,,,,,
3054,2114,,,,,,
3055,584.5,1280,720,,480,,3
3056,126.5,,,250,120,4,
3057,72.1,,,,,,
3058,2084,,,,,,
3059,2136,1920,1080,,120,,1.8
3060,331.2,,,,,,
3061,1047,2256,1504,,256,,3
3062,254.8,1366,768,,512,16,1.6
3063,92.8,,,,,,
3064,149,,,256,256,,2.4
3065,2148,1920,1080,,240,,1.99
3066,13.05,,,,,,
3067,446.8,1280,720,,120,,1.99
3068,324.2,1920,1080,,240,,
3069,2686,,,,,,
3070,10.88,,,,,,
3071,112.44,,,,,,
3072,64.2,,,,,,
3073,1281,,,,,,
3074,632,,,,,,
3075,128.8,,,,,,
3076,594,,,,,,
3077,70.4,,,,,,
3078,145.6,,,,,,
3079,34.12,,,,,,
3080,23.94,,,,,,
3081,1302,2256,1504,,120,,3
3082,442.8,1920,1080,,240,,2.8
3083,349.5,1920,1080,,240,,3.1
3084,250.1,,,,,,
3085,422,1280,720,,480,,3
3086,509.5,1920,1080,,512,16,4.5
3087,11.91,,,,,,
3088,25.5,1366,768,16,16,4,1.83
3089,35,1366,768,64,64,4,1.1
3090,484,1280,720,,2,,2.6
3091,889,1920,1080,512,512,16,5
3092,150,,,80,,3,2
3093,668,1920,1200,256,256,16,3.3
3094,72.8,,,,,,
3095,326.2,1280,720,,240,,
3096,422,1920,1080,,240,,2.8
3097,255,,,64,64,,1.1
3098,113.9,,,,,,
3099,55,,,,32,4,1.6
3100,35,1366,768,128,128,8,2.3
3101,385.5,1280,720,,120,,3
3102,135,,,16,,16,2.1
3103,100,1920,1080,512,64,16,2.8
3104,120,1366,768,16,16,4,
3105,570,1920,1200,,512,8,1.3
3106,410,1920,1080,,480,,1.99
3107,340.8,1280,720,,240,,3
3108,323,1280,720,,240,,2.7
3109,458.5,1280,720,,240,,1.99
3110,1047,2256,1504,,256,,3
3111,292.5,,,,,,
3112,2332,1920,1080,,960,,1.99
3113,2148,1920,1080,,240,,1.99
3114,344,1280,720,,240,,2.7
3115,379.8,1280,720,,240,,2.6
3116,358.5,,,,,,
3117,94.44,,,,,,
3118,82.6,,,,,,
3119,329.5,,,,,,
3120,527.5,,,,,,
3121,614.5,,,,,,
3122,75.06,,,,,,
3123,107.9,,,,,,
3124,1058,,,,,,
3125,106,,,,,,
3126,3364,,,,,,
3127,447.2,1920,1080,,240,,2.8
3128,109.3,,,,,,
3129,960.5,,,,,,
3130,1000,,,,,,
3131,59.56,,,,,,
3132,264.8,,,,,,
3133,266.8,,,,,,
3134,75,1366,768,32,32,4,2.4
3135,111.75,,,,128,4,2.16
3136,50,1366,768,16,16,2,1.4
3137,63,,,32,32,4,2.1
3138,200,1280,800,128,128,8,1.6
3139,99,1366,768,128,128,4,1.1
3140,175,1920,1080,,256,8,
3141,539,1920,1080,1,1,16,1.9
3142,119.94,,,500,,16,
3143,339,,,256,256,16,2.1
3144,250,,,128,128,16,2.6
3145,149,,,,,,
3146,530,1920,1200,512,512,16,3
3147,150,3000,2000,256,256,8,2.6
3148,575,3072,1920,1,1,40,4.7
3149,190,1366,768,,512,16,2.4
3150,442.8,,,,512,512,2.4
3151,220,1920,1080,512,512,12,2.4
3152,95,1920,1080,8,,8,2.7
3153,99.94,1366,768,4,32,4,2
3154,263.2,,,256,256,16,1.6
3155,100,1366,768,250,256,8,2.4
3156,355,2736,1824,,256,8,1.1
3157,29.98,1366,768,4,,4,1.6
3158,319,1280,720,,120,,2.7
3159,324,1280,720,,120,,2.6
3160,389.5,1280,720,,960,,3
3161,372,,,,,,
3162,250,,,,,,
3163,320.2,1280,720,,120,,
3164,225.2,,,,,,
3165,3104,,,,,,
3166,72.2,,,,,,
3167,299,1920,1080,24,1024,24,2.4
3168,588.5,,,500,,,2.4
3169,589.5,,,,,,
3170,254,,,,,,
3171,156.1,,,,,,
3172,31.55,,,,,,
3173,329.8,1280,720,,240,,2.7
3174,33.66,,,,,,
3175,16.31,,,,,,
3176,105.25,,,,,,
3177,547.5,,,,,,
3178,488.2,,,,,,
3179,323.5,1920,1080,,120,,3.1
3180,90,,,,,4,1.86
3181,36.97,,,,,,
3182,325.8,1280,720,,120,,
3183,97.9,,,,,,
3184,201.4,,,,,,
3185,91.44,,,,,,
3186,15.23,,,,,,
3187,380,,,,,,
3188,150,,,4,,4,2.3
3189,210.2,,,,,,
3190,240,2736,1824,256,256,8,1.7
3191,180,1366,768,64,,4,1.1
3192,1235,,,,,,
3193,700,1920,1080,,512,8,2.7
3194,40,,,250,,4,2
3195,1450,1920,1080,512,512,32,2.4
3196,330,,,256,256,,2.6
3197,442.8,1920,1080,,240,,2.8
3198,250,,,256,256,8,1.2
3199,820,3840,2160,1,1,8,1.6
3200,304,,,,,,
3201,100,,,,,,
3202,170,1280,800,160,,4,2.4
3203,185,,,,,,
3204,199,1920,1080,512,512,16,2
3205,19.98,,,,,4,
3206,197,1366,768,64,64,4,1.1
3207,530,1366,768,,512,8,2.3
3208,260,,,256,256,8,2.2
3209,448.2,1920,1080,,960,,3.1
3210,710,,,,,,
3211,310,,,,,,
3212,160,1920,1080,8,,8,2.4
3213,250,,,,,16,
3214,27.19,,,,,,
3215,450,1920,1080,256,256,16,3
3216,200,1366,768,,,,1.1
3217,115,1920,1200,128,128,4,2
3218,749,3456,2160,,512,8,
3219,424.2,1280,720,,480,,2.7
3220,83.6,,,,,,
3221,344.8,1280,720,,240,,2.7
3222,352,,,,,,
3223,190,1920,1080,256,256,16,1.6
3224,50,,,32,32,4,1.1
3225,269.8,1366,768,,256,16,1.9
3226,500,1920,1080,,256,8,3
3227,299,2736,1824,256,256,8,2.6
3228,369.2,,,,,,
3229,229.1,,,,,,
3230,375.8,1280,720,,360,,1.99
3231,150,2736,1824,128,128,4,1.2
3232,215,,,,,,
3233,450,1920,1080,1,256,8,2.5
3234,199,1920,1080,512,512,16,2.7
3235,398.5,1280,720,,240,,3
3236,379.5,,,,,,
3237,800,,,256,256,16,
3238,860,,,,512,16,
3239,169,1920,1080,512,512,16,1.9
3240,375.2,1366,912,32,32,4,1.1
3241,467.5,1280,720,,960,,2.6
3242,1019,1920,1080,512,512,8,1.7
3243,180,1920,1080,,256,8,2.8
3244,40,1366,768,16,16,2,
3245,93.2,,,,,,
3246,637.5,,,,,,
3247,295,1920,1080,,120,,3.1
3248,400,1920,1280,512,512,16,
3249,218.9,1366,768,,128,4,2.4
3250,200,1366,768,1,1,8,2.5
3251,200,,,256,256,8,2.5
3252,90,1366,768,64,64,4,
3253,175,,,256,256,16,2.5
3254,98.25,,,,,,
3255,288.2,,,,,,
3256,130.6,,,,,,
3257,314.2,1280,720,,120,,2.7
3258,10.88,,,,,,
3259,85.44,,,,,,
3260,112.25,,,,,,
3261,403,1280,720,,480,,2.6
3262,234.8,1366,768,,500,8,1.6
3263,79,,,,,,
3264,426.5,,,,,,
3265,375.8,1280,720,,360,,1.99
3266,57.94,,,,,,
3267,204.2,,,,,,
3268,227.8,,,,,,
3269,10.95,,,,,,2.53
3270,76.7,,,,,,
3271,574.5,1920,1080,400,128,,3
3272,93.9,,,,,,
3273,8.7,,,,,,
3274,9.79,,,,,,
3275,103.75,,,,,,
3276,90.4,,,,,,
3277,152.2,,,,,,
3278,127.6,,,,,,
3279,79.56,,,,,,
3280,334.8,1280,720,,240,,2.6
3281,337.8,1280,720,,240,,2.3
3282,92.75,,,,,,
3283,337.5,,,,,,
3284,324,1280,720,,240,,2.7
3285,131.5,,,,,,
3286,121.06,,,,,,
3287,206.4,,,,,,
3288,295.5,,,,,,
3289,47.2,,,,,,
3290,81.8,,,,,,
3291,2730,1920,1080,,4,,1.99
3292,292,,,,,,
3293,342.2,,,,,,
3294,50.7,,,,,,
3295,476.5,,,,,,
3296,372.8,,,,,,
3297,376.8,,,,,,
3298,60.9,,,,,,
3299,93.1,,,,,,
3300,368.2,,,,,,
3301,304.5,,,,,,
3302,2148,1920,1080,,240,,1.8
3303,2332,1920,1080,,2,,1.8
3304,400,1920,1080,,120,,2.8
3305,114.6,,,,,,
3306,103.75,,,,,,
3307,117.7,,,,,,
3308,318.5,,,,,,
3309,53.28,,,,,,
3310,329,3840,2160,512,512,16,2.7
3311,250,3000,2000,512,512,16,2.6
3312,195.8,,,,,,
3313,89,1366,768,,128,8,2.4
3314,281.8,1280,720,,240,,2.6
3315,80,1366,768,64,,4,1.1
3316,695,1920,1080,,256,16,
3317,350,1920,1080,500,,8,2.7
3318,374.5,1280,720,,240,,
3319,380.5,,,,,,
3320,125,,,,128,2,2.16
3321,260,1920,1080,128,,,1.9
3322,11.88,,,,,,
3323,24.98,1920,1080,240,240,8,2.3
3324,119,1600,900,256,256,8,1.9
3325,49,1024,480,16,16,4,2.16
3326,539,,,512,512,16,2.8
3327,288.2,1920,1080,256,256,4,2
3328,225,,,8,128,8,2.4
3329,120,,,,,,
3330,45,1024,600,,,16,1.3
3331,86,,,32,,4,
3332,28.5,,,,,,
3333,89.94,,,500,,6,1.8
3334,1250,1920,1080,256,256,8,2.4
3335,313.5,1280,720,,240,,2.6
3336,396,1920,1080,,480,,3.1
3337,294.8,1280,720,,240,,
3338,333.5,1920,1080,,240,,2.8
3339,314.2,1280,720,,120,,2.7
3340,569,,,1,,4,1.6
3341,820,2560,1600,,1,16,2.3
3342,45,1280,800,2,32,2,
3343,307,1920,1080,,512,16,1.9
3344,200,,,500,,8,3.3
3345,364.2,,,,,,
3346,834.5,1920,1080,2,1,32,2.8
3347,450,1920,1080,512,512,32,1.9
3348,193.1,,,,,,
3349,490.8,1920,1080,,240,,2.8
3350,205.6,,,,,,
3351,171.5,,,,256,8,2.4
3352,799,1920,1200,,256,8,4.4
3353,289.2,,,24,256,24,
3354,400,1920,1080,256,256,8,2.3
3355,316.2,1920,1200,512,512,8,2.3
3356,300,,,500,,4,2
3357,230,,,,,,
3358,500,,,1,1,16,2.8
3359,60,,,,,8,2
3360,593,3840,2160,,512,16,1.8
3361,70,,,500,128,8,2.53
3362,169,,,512,512,,
3363,49,1366,768,,,4,1.6
3364,383,1280,720,,480,,2.6
3365,249,1366,768,,256,8,1.2
3366,280,1920,1080,256,256,8,1.8
3367,130,1920,1080,,256,8,1.23
3368,389,1920,1080,512,512,16,2.8
3369,490,1920,1080,,512,8,
3370,40,,,16,16,4,1.4
3371,12.5,,,,,,
3372,96.94,,,,128,4,2.4
3373,325.8,1920,1080,,120,,2.8
3374,193.1,,,,,,
3375,465,1920,1080,,480,,2.3
3376,174,,,,,,
3377,1135,,,,2,,
3378,279.2,,,,,,
3379,28.88,,,,,,
3380,45.38,,,,,,
3381,62.28,,,,,,
3382,394.8,1920,1080,,480,,2.8
3383,112.5,,,,,,
3384,472.2,1280,720,,960,,2.6
3385,128.4,,,,,,
3386,410,1920,1080,,480,,1.99
3387,96.44,,,,,,
3388,235.4,,,,,,
3389,421,1920,1080,,120,,2.8
3390,2186,1920,1080,,480,,1.99
3391,348,,,,,,
3392,311.2,,,,,,
3393,324,1280,720,,120,,2.6
3394,396,1920,1080,,240,,2.8
3395,134.5,,,,,,
3396,54.94,,,,,,
3397,11.96,,,,,,
3398,303,1280,720,,120,,2.6
3399,55,1366,768,,,4,1.7
3400,400,1920,1080,,,,1.8
3401,25,1366,768,,16,2,1.7
3402,549,2560,1600,,1,16,
3403,490,1920,1080,,512,8,4.3
3404,303,1280,720,,240,,2.6
3405,85,1366,768,,128,8,2.2
3406,50,,,32,32,4,1.1
3407,329,1920,1080,,256,8,2.4
3408,205,,,512,512,16,
3409,360,,,256,256,8,4.1
3410,627.5,,,,,,
3411,656.5,1920,1080,,960,,2.8
3412,33,1366,768,16,16,4,2.5
3413,184.2,1366,768,500,500,4,2.3
3414,100,,,6,,6,2.6
3415,1617,,,,,,
3416,35,,,16,,2,2
3417,110,,,,,,
3418,140,,,20,,512,2.66
3419,899,2880,1920,16,256,16,4.8
3420,115,1920,1080,32,32,8,2.3
3421,423.5,1280,720,,120,,3
3422,442.8,1920,1080,,240,,2.8
3423,88,1920,1080,,,8,2.4
3424,165,1366,768,,128,8,1.7
3425,219,1920,1080,,256,8,1.7
3426,152.2,,,,,,
3427,100,,,250,250,2,2
3428,296.8,1920,1080,8,512,8,4.2
3429,759,1920,1080,512,512,16,4.4
3430,409.2,,,,,,
3431,299,1920,1080,24,1024,24,2.4
3432,700,2560,1600,16,1,16,2.3
3433,50,,,32,32,4,1.6
3434,264,2560,1440,,256,16,2.6
3435,199,1920,1080,,256,16,1.6
3436,249,1920,1080,,512,16,1.9
3437,239,1920,1080,,512,16,1.9
3438,250,1920,1080,1,1,8,2.5
3439,329,1920,1080,,256,16,1.8
3440,60,1366,768,,,12,2.3
3441,120.2,,,,,,
3442,200,2560,1440,512,512,16,2.6
3443,313,,,,,,
3444,16.02,,,,,,
3445,175,1920,1200,128,128,4,2
3446,284,1920,1080,,256,16,2.5
3447,444,1920,1200,,512,16,2.3
3448,434,,,,,,
3449,55,,,,32,4,1.6
3450,439,1920,1080,256,256,8,3
3451,149,1366,768,500,500,8,2.3
3452,160,,,256,256,8,2.3
3453,365,,,,1,32,1.8
3454,106.94,1366,768,500,,4,
3455,529,2880,1800,512,512,8,2.5
3456,239,3840,2160,512,512,16,2.7
3457,203.8,1920,1080,256,256,4,3.2
3458,240,1920,1080,512,512,32,2.3
3459,380,2880,1920,,128,8,1.8
3460,188.5,,,256,256,8,
3461,44,,,16,16,4,
3462,288,,,,512,,2.8
3463,65,1536,2048,32,32,4,
3464,825,1920,1080,,1,16,1.9
3465,800,1920,1080,,1,16,3.1
3466,41,1366,768,,,4,2.48
3467,150,1920,1080,,128,8,1.1
3468,130,1920,1080,256,256,8,2.6
3469,350,3000,2000,256,256,16,1.8
3470,159,,,8,256,8,1.9
3471,65,,,,115,4,1.6
3472,66,1366,768,,,,
3473,155,1920,1280,128,128,4,1.2
3474,90,1366,768,4,32,4,1.1
3475,90,,,128,128,8,2.6
3476,180,2736,1824,,256,8,2.4
3477,200,1920,1080,256,256,16,1.8
3478,95,1366,768,,256,8,2.4
3479,220,1920,1080,512,512,16,1.6
3480,114.94,1920,1080,,,8,1.7
3481,82,1366,768,,256,8,2.4
3482,338.8,1920,1080,,256,8,
3483,205.8,,,,,,
3484,324.5,,,,,,
3485,88.75,,,,,,
3486,203.5,,,,,,
3487,38.06,,,,,,
3488,337.5,,,,,,
3489,65.06,,,,,,
3490,97.7,,,,,,
3491,112.3,,,,,,
3492,410.5,1920,1080,,480,,1.99
3493,331,1280,720,,240,,
3494,348,1280,720,,480,,3
3495,107.2,,,,,,
3496,347.2,,,,,,
3497,92.3,,,,,,
3498,91.75,,,,,,
3499,28.52,,,,,,
3500,8.7,,,,,,
3501,467.5,1280,720,,960,,2.6
3502,281.8,1280,720,,,,3
3503,109,,,,,,
3504,102.9,,,,,,
3505,58.75,,,,,,
3506,178.9,,,,,,
3507,92.06,,,,,,
3508,323.8,1280,720,,240,,2.7
3509,423.5,1280,720,,120,,3
3510,85.94,,,,,,
3511,69.94,,,,,,
3512,7.61,,,,,,
3513,21.94,,,,,,
3514,304.5,,,,,,
3515,330.2,,,,,,
3516,334.8,1280,720,,240,,2.6
3517,68,,,,,,
3518,330,,,,512,16,
3519,300,1920,1080,,,,
3520,107.7,,,,,,
3521,375,,,,,32,
3522,175,1366,768,256,256,16,2.6
3523,1500,,,,256,8,
3524,198,,,,128,4,4.1
3525,160,,,64,64,,
3526,599,1920,1080,256,256,16,2.6
3527,135,,,256,,,2.6
3528,40,,,4,,4,2.3
3529,800,1920,1080,,512,16,2.8
3530,230,,,,,,
3531,60,1366,768,500,,8,2.3
3532,119,,,,256,8,2.4
3533,400.8,1280,720,,240,,3
3534,260,1366,768,,512,16,2.4
3535,70.1,,,,,,
3536,219,1280,800,,16,4,1.8
3537,149,1366,768,64,64,4,1.6
3538,129,1366,768,,180,4,2.4
3539,275.2,,,,,,
3540,320.8,1280,720,,120,,2.6
3541,406.2,1920,1080,,480,,1.99
3542,462.8,1280,720,,960,,2.6
3543,446.2,1920,1080,,960,,2.8
3544,66.44,,,,,,
3545,82.44,,,,,,
3546,154.5,,,,,,
3547,326.2,,,,,,
3548,726.5,1920,1080,,256,,4
3549,336.8,,,,,,
3550,2722,1920,1080,,4,,1.8
3551,6.51,,,,,,
3552,85.2,,,,,,
3553,117.4,,,,,,
3554,21.6,,,,,,
3555,316.5,,,256,256,8,
3556,130.2,,,,,,
3557,32.4,,,,,,
3558,58.5,,,,,,
3559,85.7,,,,,,
3560,419.2,,,,,,
3561,359.8,1280,720,,256,,3
3562,92.56,,,,,,
3563,130.4,,,,,,
3564,90.6,,,,,,
3565,37.8,,,,,,
3566,411.5,,,,,,
3567,320.8,1280,720,,240,,2.7
3568,294.8,,,,,,
3569,120,1366,768,,4,4,1.1
3570,145,1920,1080,,64,8,1.1
3571,425,3072,1920,1,1,40,4.7
3572,290,1366,768,500,,8,3.2
3573,573,1920,1080,,256,12,1.3
3574,29.98,,,,,,
3575,485,2256,1504,,512,16,3
3576,287.5,,,,,,
3577,99,1920,1080,120,120,4,2.5
3578,341.2,,,,,,
3579,410,1920,1080,,,,1.9
3580,59.84,,,,,,
3581,775,1920,1080,,1,16,3.6
3582,70,,,,,,2.5
3583,400,1920,1080,512,512,32,2.5
3584,170.9,1366,768,32,,4,1.1
3585,167.8,3200,1800,,128,8,2.4
3586,980,1920,1080,256,256,16,5.2
3587,190,,,,,,
3588,344.5,,,,,,
3589,69.6,1280,720,,32,2,1.44
3590,789,,,,,8,2.9
3591,368,1920,1080,,512,16,1.7
3592,1409,,,,,,
3593,439,,,512,512,8,
3594,195,1366,768,64,64,4,1.1
3595,367.2,,,,,,
3596,49,,,320,,8,2.5
3597,300,1920,1080,512,512,16,2.8
3598,94.94,1366,768,500,,4,1.87
3599,360,1280,720,,120,,
3600,9.76,,,,,,
3601,396.2,1920,1080,,120,,2.8
3602,61.62,,,,,,
3603,41.7,,,,,,
3604,419.2,,,,,,
3605,2144,1920,1080,,240,,1.99
3606,372.8,1280,720,,480,,
3607,632.5,,,,,,
3608,522.5,1920,1080,,120,,
3609,573,1280,720,,480,,3
3610,299.8,1280,720,,240,,3
3611,58.6,,,,,,
3612,92.2,,,,,,
3613,678.5,,,,,,
3614,139.9,,,,,,
3615,111.44,,,,,,
3616,127.9,,,,,,
3617,135,,,,,,
3618,303.8,,,,,,
3619,571.5,,,,,,
3620,485.8,1920,1080,,240,,2.8
3621,406.2,1920,1080,,480,,1.99
3622,452.5,1280,720,,240,,1.99
3623,747.5,,,,,,
3624,51,,,,,,
3625,422,1280,720,,240,,4
3626,270,1280,720,,120,,3.1
3627,41.6,,,,,,
3628,201.4,,,,,,
3629,95.56,,,,,,
3630,47.38,,,,,,
3631,489.5,,,,,,
3632,94.5,,,,,,
3633,99.7,,,,,,
3634,408.2,,,,,,
3635,21.98,,,,,,
3636,66.8,,,,,,
3637,266.8,,,,,,
3638,124.6,,,,,,
3639,31.33,,,,,,
3640,58.6,,,,,,
3641,380.5,1280,720,,120,,3
3642,331.2,1280,720,,240,,2.6
3643,5.42,,,,,,
3644,71.6,,,,,,
3645,331.2,1280,720,,240,,2.6
3646,326.5,1920,1080,,120,,
3647,41.6,,,,,,
3648,110.5,,,,,,
3649,46.12,,,,,,
3650,339.5,1920,1080,,240,,2.8
3651,38.56,,,,,,
3652,81.4,,,,,,
3653,316.2,1280,720,,240,,2.6
3654,370,,,,,,
3655,91.1,,,,,,
3656,5.42,,,,,,
3657,19.19,,,,,,
3658,78.8,,,,,,
3659,31.45,,,,,,
3660,764.5,,,,,,
3661,348.2,1280,720,,480,,3
3662,404,1280,720,,240,,3
3663,101.5,,,,,,
3664,90.8,,,,,,
3665,289,,,,,,
3666,328.8,,,,,,
3667,320.8,1280,720,,120,,2.6
3668,83.1,,,,,,
3669,15.94,,,,,,
3670,8.68,,,,,,
3671,217,,,,,,
3672,78.25,,,,,,
3673,95.1,,,,,,
3674,91.56,,,,,,
3675,125,,,,,,
3676,228.5,,,,,,
3677,45,1280,800,16,16,4,2.16
3678,23.88,,,,,,
3679,150,,,,,6,1.5
3680,636,,,,,,
3681,285,,,,,,
3682,149,1366,768,128,128,4,1.1
3683,300,1366,768,,256,12,2
3684,470,1920,1080,,240,,2.8
3685,695,1920,1080,,512,16,2.6
3686,94.94,1366,768,500,,4,1.87
3687,10.51,,,,,,
3688,70,,,62,64,4,1.1
3689,36.88,,,,,,
3690,550,1366,768,500,500,4,2.6
3691,99.5,1366,768,32,32,4,1.1
3692,2374,,,,,,
3693,40,1366,768,16,16,2,
3694,318,1920,1080,,240,,3.1
3695,695,,,512,512,32,2.6
3696,120,1366,768,240,240,8,2.5
3697,650,,,,1,16,2.4
3698,37,,,250,,2,2.4
3699,354.2,,,,,,
3700,9.43,,,,,,
3701,630,1920,1200,,256,32,2.5
3702,149.6,1366,768,32,,4,2.1
3703,348.5,,,,,,
3704,353.8,,,,,,
3705,376.2,1280,720,,256,,
3706,44.9,,,,,,
3707,114.44,,,,,,
3708,239.8,1366,768,,512,8,1.6
3709,50.25,,,,,,
3710,463.8,1920,1080,,480,,2.3
3711,7.59,,,,,,
3712,133,,,,,,
3713,360,1920,1080,,960,,1.99
3714,340,,,,,,
3715,323.2,1920,1080,,120,,3.1
3716,336.8,,,,,,
3717,461.8,,,,,,
3718,134.1,,,,,,
3719,433.8,1280,720,,240,,3
3720,603.5,1920,1080,,960,,3
3721,806.5,,,,,,
3722,108.6,,,,,,
3723,127.75,,,,,,
3724,203.6,,,,,,
3725,551,1920,1080,,480,,3
3726,99.44,,,,,,
3727,80.7,,,,,,
3728,460.8,1920,1080,,120,,3
3729,547,,,,,,
3730,5.42,,,,,,
3731,108,,,,256,,2.6
3732,29,1366,768,,16,4,1.1
3733,56,,,,64,4,1.2
3734,125,,,,,,
3735,64.94,,,128,128,2,1.4
3736,550,3840,2160,,512,16,3
3737,90,1366,768,4,32,4,1.1
3738,600,,,512,512,16,2.3
3739,50,1366,768,16,16,4,2.16
3740,46,1366,768,16,16,4,1.6
3741,120,1600,900,,256,16,
3742,110,1920,1080,,256,16,2.6
3743,193,1366,768,128,128,8,2.6
3744,180,,,256,256,16,1.7
3745,100,,,256,256,8,2.5
3746,188,1920,1080,512,512,16,4.2
3747,195,,,,,,
3748,299,1920,1080,512,512,8,2.8
3749,200,1920,1080,512,512,16,2.8
3750,150,1920,1080,64,64,4,1.1
3751,404,,,,256,8,1.6
3752,30,1366,768,,32,4,1.1
3753,159,,,8,256,8,1.9
3754,57,1366,768,16,16,4,2.16
3755,550,1920,1080,256,256,16,2.8
3756,168,,,,2,,1.7
3757,64,,,,,,1.9
3758,124,1920,1280,64,64,64,1.1
3759,130,1366,768,128,128,16,2.6
3760,130,1366,768,320,,8,2.3
3761,300,1920,1200,256,256,,3.2
3762,275,1920,1200,512,512,16,2
3763,225,1920,1080,16,256,16,1.9
3764,80,,,120,,,1.8
3765,405.8,1920,1080,,480,,1.99
3766,44.22,,,,,,
3767,40,,,1,,,
3768,53.75,,,,,,
3769,411,1920,1080,,960,,1.99
3770,97.6,,,,,,
3771,579,1600,900,256,256,8,2.4
3772,192.6,,,,,,
3773,390.8,1920,1080,,480,,2.8
3774,20.61,,,,,,
3775,419.2,,,,,,
3776,95.94,1366,768,,128,4,1.7
3777,97.25,,,,,,
3778,286,1920,1080,256,256,16,1.8
3779,21.7,,,,,,
3780,21.8,,,,,,
3781,101.8,,,,,,
3782,416.8,1920,1080,,120,,2.8
3783,280.8,1280,720,,120,,2.6
3784,120,1920,1080,,256,8,2.6
3785,150.8,,,,,,
3786,300,1366,768,500,,4,2.7
3787,130,1920,1080,,,16,2
3788,92.2,,,,,,
3789,10.85,,,,,,
3790,280.8,1280,720,,240,,2.6
3791,335.8,,,,,,
3792,345.8,1280,720,,240,,2.7
3793,60.75,,,,,,
3794,95,,,4,128,4,
3795,370.2,,,,,,
3796,783,,,,,,
3797,90.56,,,,,,
3798,434.5,1280,720,,240,,3
3799,1772,,,,,,
3800,110.4,,,,,,
3801,370.8,1280,720,,240,,
3802,435.2,1280,720,,240,,3
3803,59.53,,,,,,
3804,160.2,,,,,,
3805,814.5,1920,1080,,2,,2.8
3806,522,,,,,,
3807,29.84,,,16,16,4,
3808,431.2,1280,720,,960,,2.6
3809,65,,,,,,
3810,52.72,,,,,,
3811,222.4,,,,,,
3812,177.1,,,,,,
3813,714,1920,1080,,960,,3
3814,363.5,,,,,,
3815,383,1280,720,,240,,2.6
3816,344.8,1920,1080,,120,,2.8
3817,484,1280,720,,2,,3.1
3818,97.1,,,,,,
3819,424,,,,,,
3820,573,1280,720,,480,,3
3821,26.7,,,,,,
3822,58.75,,,,,,
3823,9.76,,,,,,
3824,487.5,1280,720,,120,,
3825,84.2,,,,,,
3826,166.1,,,,,,
3827,375.5,1920,1080,,120,,2.8
3828,647,1280,720,,960,,3
3829,16.27,,,,,,
3830,404,1280,720,,240,,3
3831,428.8,,,,,,
3832,106.9,,,,,,
3833,74.9,,,,,,
3834,530,1280,720,,960,,3
3835,675.5,1280,720,,240,,
3836,3060,,,,,,
3837,665.5,1920,1080,,960,,1.49
3838,489.5,1280,720,,480,,3
3839,45.6,,,,,,
3840,317.8,,,,,,
3841,10.85,,,,,,
3842,33.56,,,,,,
3843,230,,,,,,
3844,331,1280,720,,120,,2.7
3845,39.1,,,,,,
3846,90.2,,,,,,
3847,396.2,1920,1080,,120,,2.8
3848,687,1920,1080,,256,,4
3849,754,,,,,,
3850,679,1920,1080,,512,32,2.6
3851,81.9,,,,,,
3852,379.8,,,,,,
3853,145.2,,,,,,
3854,54.75,,,,,,
3855,500.5,1280,720,,240,,3
3856,389,,,,,,
3857,483.2,,,,,,
3858,19.53,,,,,,
3859,338.2,,,,,,
3860,263.8,,,,,,
3861,574.5,,,,480,,3
3862,125.44,,,,,,
3863,416.8,1920,1080,,120,,2.8
3864,554,1280,720,,960,,1.99
3865,466.2,1280,720,,120,,
3866,41.8,,,,,,
3867,281.8,1280,720,,240,,2.6
3868,203.8,,,,,,
3869,335.2,1280,720,,120,,2.7
3870,22.34,,,,,,
3871,734,,,,,,
3872,493.2,,,,,,
3873,471.2,1920,1080,,240,,3
3874,110.4,,,,,,
3875,165,,,,,,
3876,178.9,,,,,,
3877,92.25,,,,,,
3878,149.4,,,,,,
3879,127.44,,,,,,
3880,116.3,,,,,,
3881,391.5,1280,720,,480,,2.6
3882,431.2,1280,720,,960,,2.6
3883,303.8,,,,,,
3884,134.8,,,,,,
3885,281,1280,720,,120,,
3886,302.8,1280,720,,120,,2.6
3887,432.2,,,,,,
3888,182,1600,900,500,,,
3889,91,,,,,,
3890,93.4,,,,,,
3891,92.2,,,,,,
3892,387,1920,1080,,480,,3.1
3893,105.8,,,,,,
3894,102.75,,,,,,
3895,50.7,,,,,,
3896,116.5,,,,,,
3897,59.94,,,,,,
3898,2108,,,,,,
3899,112.4,,,,,,
3900,45.25,,,,,,
3901,430,1280,720,,120,,3
3902,177.2,,,320,120,4,2.4
3903,81.56,,,,,,
3904,89.9,,,,,,
3905,413,1920,1080,,120,,2.3
3906,171.1,,,,,,
3907,94.5,,,,,,
3908,658,1920,1080,,480,,3
3909,60.62,,,,,,
3910,549,1280,720,,2,,3.1
3911,394,1280,720,,120,,3
3912,431.8,1280,720,,120,,3
3913,341.2,,,,,,
3914,421,1280,720,,480,,
3915,238.4,,,,,,
3916,444,,,,,,
3917,462.5,1280,720,,960,,2.6
3918,732.5,1280,720,,2,,3
3919,521.5,,,,,,
3920,9.43,,,,,,
3921,607,1920,1080,,480,,1.49
3922,14.1,,,,,,
3923,115.94,,,,,,
3924,226.6,1920,1080,,128,,2.4
3925,1363,1920,1080,,4,,1.99
3926,162.5,,,,,,
3927,387.2,1280,720,,120,,3
3928,16.12,,,,,,
3929,50.6,,,,,,
3930,405.5,,,,,,
3931,520.5,1280,720,,240,,3
3932,80.7,,,,,,
3933,480.5,1280,720,,960,,2.7
3934,306.8,,,,,,
3935,650,1920,1080,,960,,2.8
3936,565,1920,1080,,240,,1.49
3937,40.12,,,,,,
3938,1051,,,,,,
3939,485.8,1920,1080,,240,,2.8
3940,192.6,,,,,,
3941,269.8,1280,720,,120,,3
3942,2288,,,,,,
3943,65.8,,,,,,
3944,301.5,,,,,,
3945,460,1280,720,500,120,,3
3946,416.8,1920,1080,,120,,2.3
3947,448.5,,,,,,
3948,59,,,,,,
3949,831,,,,,,
3950,538.5,1280,720,,240,,3
3951,97.3,,,,,,
3952,518,,,,,,
3953,532,1280,720,,480,,3
3954,109.5,,,,,,
3955,166.5,,,,,,
3956,443,,,,,,
3957,488.2,,,,,,
3958,525.5,1280,720,,240,,3
3959,488.5,,,,,,
3960,304,1280,720,,240,,2.6
3961,75,,,120,,4,1.6
3962,81,,,,,,
3963,425,,,,,,
3964,229.8,1366,768,,240,8,1.6
3965,104.4,,,,,,
3966,278.2,,,,,,
3967,120.44,,,,,,
3968,64.44,,,,,,
3969,266,,,,,,
3970,43.4,,,,,,
3971,128.1,,,,,,
3972,72.75,,,,,,
3973,69.6,,,256,256,256,
3974,70,1366,768,16,16,4,1.6
3975,218.5,,,,256,16,1.6
3976,328,1920,1080,,1,16,2.6
3977,230,1920,1080,256,256,16,1.9
3978,509.5,1920,1080,512,512,16,2
3979,124,1920,1280,64,64,64,1.1
3980,409,2736,1824,,256,8,2.4
3981,125.94,1366,768,,240,8,2.4
3982,60,1920,1080,,,8,2.4
3983,636,1366,768,128,128,4,2.8
3984,190,,,128,128,8,1.6
3985,89.94,,,,128,8,1
3986,333.2,,,,500,16,2.6
3987,89,1366,768,,,,1.9
3988,949,1900,1200,,512,16,1.7
3989,270,,,512,512,16,4.8
3990,180,1920,1080,,256,8,2.5
3991,399,1920,1080,512,512,32,1.7
3992,649.5,1920,1080,512,512,16,2.1
3993,780,1920,1080,1,4,64,1.7
3994,609,1920,1200,1,1,16,o4.4
3995,255,,,500,500,16,
3996,188,1920,1080,512,512,16,4.2
3997,320,1920,1080,750,,8,2.6
3998,260,,,,512,8,1.6
3999,450,1920,1080,,512,16,2.8
4000,401.5,1920,1080,,240,,2.8
4001,396.2,1920,1080,,120,,2.8
4002,921,,,,,,
4003,156.1,1920,1080,,256,8,2.6
4004,414.8,1280,720,,480,,2.6
4005,169,,,,,,
4006,363.8,1920,1080,,480,,
4007,350,1920,1080,,1,32,1
4008,129.9,,,,,,
4009,24.25,,,,,,
4010,151.9,,,250,120,16,
4011,758,1920,1080,256,256,8,
4012,388,1920,1080,,256,8,1
4013,374.2,,,,,,
4014,204.5,,,,,,
4015,435.8,,,,,,
4016,190,1366,768,500,,8,2.3
4017,390,1920,1080,256,256,8,2.4
4018,8.68,,,,,,
4019,57.3,,,,,,
4020,332,,,,,,
4021,388.5,1280,720,,240,,
4022,502.2,,,256,,8,1.7
4023,315.2,,,,,,
4024,64.25,,,,,,
4025,358.5,,,256,,16,1.6
4026,49.6,,,,,,
4027,286.8,,,256,,8,1.6
4028,2326,1920,1080,,2,,1.99
4029,50.72,,,,,,
4030,399,,,,,,
4031,60.75,,,,,,
4032,10.51,,,,,,
4033,321,1920,1080,,240,,
4034,2128,,,,,,
4035,2144,1920,1080,,240,,1.8
4036,492.5,1280,720,,960,,2.7
4037,70.06,,,,,,
4038,528.5,,,,,,
4039,2092,,,,,,
4040,416.8,1920,1080,,120,,2.8
4041,385.2,,,,,,
4042,335.2,1280,720,,120,,2.7
4043,2678,,,,,,
4044,2144,1920,1080,,240,,1.99
4045,127.56,,,,,,
4046,54.97,,,,,,
4047,301.5,,,,,,
4048,94.06,,,,,,
4049,284.2,1280,720,,240,,
4050,375.5,1920,1080,,120,,2.8
4051,374.2,,,,,,
4052,395,,,,,,
4053,515.5,,,,,,
4054,491,,,,,,
4055,711.5,,,,,,
4056,1046,,,,,,
4057,270.2,,,,,,
4058,477.5,1280,720,,480,,3
4059,292.2,1280,720,,120,,2.6
4060,462.8,1280,720,,120,,2.4
4061,313.8,,,,,,
4062,93.7,,,,,,
4063,431.8,1280,720,,240,,
4064,21.6,,,,,,
4065,502.5,,,,120,,3
4066,434.5,1280,720,,240,,3
4067,433.8,1920,1080,,960,,2.8
4068,558,,,,,,
4069,474,,,,,,
4070,331,1920,1080,,128,,2.6
4071,59.84,,,,,,
4072,141.4,,,,,,
4073,626,,,,,,
4074,349.8,,,,,,
4075,93.94,1600,900,,,,
4076,125.9,,,,,,
4077,14.14,,,,,,
4078,346,1920,1080,,120,,2.8
4079,84.1,,,,,,
4080,316.8,,,256,256,8,
4081,322.2,1920,1080,,240,,
4082,345.8,1280,720,,240,,2.7
4083,307,,,,,,
4084,70.75,,,,,,
4085,430.2,1920,1080,,240,,2.8
4086,201.4,,,,,,
4087,95,,,,,,
4088,321.2,1280,720,,240,,3
4089,70,,,,,,
4090,43.5,,,,,,
4091,229.8,1366,768,,240,16,1.6
4092,500,1280,720,,240,,
4093,324.8,1280,720,,240,,2.7
4094,332.2,1280,720,,240,,2.6
4095,94.7,,,,,,
4096,22.22,,,,,,
4097,294.8,1366,768,,1,16,1.6
4098,676,1280,720,,240,,
4099,489.2,1280,720,,120,,
4100,124.56,,,,,,
4101,486.5,1280,720,,120,,
4102,446.2,,,160,,,2.26
4103,100,1366,768,256,256,8,2.3
4104,371.8,,,,,,
4105,7.6,,,,,,
4106,205.9,,,,,,
4107,593.5,,,,,,
4108,55.03,,,,,,
4109,116.5,,,,,,
4110,155.4,,,,,,
4111,344.8,1366,768,,2,16,1.6
4112,431.8,1280,720,,480,,
4113,334.2,,,,,,
4114,269.8,1280,720,,120,,3
4115,396.8,1920,1080,,120,,2.8
4116,294.5,,,,,,
4117,384.5,1280,720,,240,,2.6
4118,205.8,,,,,,
4119,245.2,,,,,,
4120,218.8,1024,768,,,,
4121,270.5,,,,,,
4122,69.3,,,,,,
4123,147.5,1366,768,,256,8,
4124,109.5,,,,,,
4125,105.5,,,,,,
4126,441.2,,,,,,
4127,325,1280,720,,120,,
4128,152,,,,240,8,
4129,101.4,1366,768,64,64,4,1.1
4130,42.12,,,,,,
4131,840,1920,1200,512,512,16,2.3
4132,22,,,,,,
4133,234.8,1366,768,,500,8,1.6
4134,314,,,,,,
4135,571,,,,,,
4136,108.5,,,,,,
4137,174.4,1920,1080,,,,
4138,269.8,1366,768,,1,8,1.6
4139,356.2,1920,1080,,480,,1.99
4140,392.8,,,,,,
4141,312.2,,,,,,
4142,364.8,,,,,,
4143,465.2,1280,720,,120,,
4144,41.75,,,,,,
4145,147.1,,,,,,
4146,50.78,,,,,,
4147,88.5,,,,,,
4148,92.56,,,,,,
4149,382.5,1280,720,,240,,2.6
4150,394,1280,720,,480,,2.6
4151,2182,1920,1080,,480,,1.8
4152,1529,,,,,,
4153,93.75,,,,,,
4154,300.5,,,,,,
4155,112.5,,,320,,2,2
4156,90.44,,,,,,
4157,55.4,,,,,,
4158,295.5,,,,,,
4159,304.2,,,,,,
4160,92.6,,,,,,
4161,93.2,,,,,,
4162,21.8,,,,,,
4163,27.77,,,,,,
4164,342.2,,,,,,
4165,89.9,,,,,,
4166,107.44,,,,,,
4167,326.2,,,,,,
4168,3156,,,,,,
4169,608,,,,,,
4170,268,,,,,,
4171,989.5,1280,720,,480,,2.9
4172,640.5,,,,,,
4173,2182,1920,1080,,480,,1.99
4174,125.94,,,,,,
4175,319,,,,,,
4176,270.2,1280,720,,120,,3.1
4177,429,1280,720,,960,,2.6
4178,162.2,,,,,,
4179,93.25,,,,,,
4180,424.8,1920,1080,,120,,2.8
4181,90.94,,,,,,
4182,567.5,,,,,,
